customerID,ActualChurn,PredictedChurn,ChurnProbability,RiskTier
4910-GMJOT,Yes,Yes,0.8986,High Risk
7216-EWTRS,Yes,Yes,0.8959,High Risk
5419-JPRRN,Yes,Yes,0.8944,High Risk
0107-YHINA,Yes,Yes,0.8903,High Risk
5178-LMXOP,Yes,Yes,0.8901,High Risk
0295-PPHDO,Yes,Yes,0.8885,High Risk
3178-FESZO,Yes,Yes,0.8858,High Risk
9497-QCMMS,Yes,Yes,0.8829,High Risk
9300-AGZNL,Yes,Yes,0.8829,High Risk
8149-RSOUN,Yes,Yes,0.8812,High Risk
8775-LHDJH,Yes,Yes,0.881,High Risk
9223-UCPVT,Yes,Yes,0.8799,High Risk
6521-YYTYI,Yes,Yes,0.8711,High Risk
3068-OMWZA,Yes,Yes,0.8707,High Risk
4826-XTSOH,Yes,Yes,0.8707,High Risk
5192-EBGOV,Yes,Yes,0.8707,High Risk
4912-PIGUY,No,Yes,0.869,High Risk
1069-XAIEM,Yes,Yes,0.8671,High Risk
9282-IZGQK,Yes,Yes,0.8653,High Risk
8603-IJWDN,Yes,Yes,0.8618,High Risk
3988-RQIXO,Yes,Yes,0.8577,High Risk
9248-OJYKK,Yes,Yes,0.8567,High Risk
6894-LFHLY,Yes,Yes,0.8567,High Risk
2725-KXXWT,Yes,Yes,0.8558,High Risk
7274-RTAPZ,Yes,Yes,0.8558,High Risk
9725-SCPZG,Yes,Yes,0.8558,High Risk
0970-ETWGE,Yes,Yes,0.8556,High Risk
3027-ZTDHO,Yes,Yes,0.8556,High Risk
2609-IAICY,Yes,Yes,0.8547,High Risk
5167-ZFFMM,Yes,Yes,0.8524,High Risk
7503-ZGUZJ,Yes,Yes,0.8483,High Risk
1941-HOSAM,No,Yes,0.8478,High Risk
4844-JJWUY,Yes,Yes,0.8456,High Risk
9124-LHCJQ,Yes,Yes,0.8441,High Risk
6861-XWTWQ,Yes,Yes,0.8437,High Risk
9681-OXGVC,Yes,Yes,0.8436,High Risk
2446-BEGGB,Yes,Yes,0.8407,High Risk
1415-YFWLT,Yes,Yes,0.8406,High Risk
0655-RBDUG,Yes,Yes,0.8404,High Risk
7577-SWIFR,No,Yes,0.8385,High Risk
1455-ESIQH,Yes,Yes,0.8385,High Risk
5597-GLBUC,Yes,Yes,0.8385,High Risk
2202-CUYXZ,Yes,Yes,0.8385,High Risk
4273-MBHYA,No,Yes,0.8385,High Risk
3722-WPXTK,Yes,Yes,0.8385,High Risk
4548-SDBKE,Yes,Yes,0.8382,High Risk
4102-OQUPX,Yes,Yes,0.8376,High Risk
0723-DRCLG,Yes,Yes,0.8376,High Risk
4988-IQIGL,Yes,Yes,0.8376,High Risk
0021-IKXGC,No,Yes,0.8376,High Risk
3551-HUAZH,Yes,Yes,0.8376,High Risk
8473-VUVJN,Yes,Yes,0.8376,High Risk
1833-VGRUM,Yes,Yes,0.8376,High Risk
5240-IJOQT,Yes,Yes,0.8376,High Risk
6513-EECDB,Yes,Yes,0.8376,High Risk
8884-ADFVN,Yes,Yes,0.8368,High Risk
6230-BSUXY,Yes,Yes,0.8363,High Risk
1452-VOQCH,No,Yes,0.8355,High Risk
1157-BQCUW,Yes,Yes,0.8355,High Risk
8816-VXNZD,Yes,Yes,0.8355,High Risk
4415-IJZTP,Yes,Yes,0.8355,High Risk
5834-ASPWA,Yes,Yes,0.8355,High Risk
9787-XVQIU,Yes,Yes,0.8355,High Risk
6358-LYNGM,Yes,Yes,0.8355,High Risk
2004-OCQXK,Yes,Yes,0.8341,High Risk
8098-LLAZX,Yes,Yes,0.8318,High Risk
1374-DMZUI,Yes,Yes,0.8318,High Risk
4424-TKOPW,Yes,Yes,0.8318,High Risk
4587-VVTOX,Yes,Yes,0.8316,High Risk
5052-PNLOS,Yes,Yes,0.8314,High Risk
0235-KGSLC,Yes,Yes,0.8306,High Risk
5277-ZLOOR,Yes,Yes,0.8305,High Risk
5299-SJCZT,Yes,Yes,0.8303,High Risk
9057-SIHCH,Yes,Yes,0.8296,High Risk
7851-WZEKY,Yes,Yes,0.8296,High Risk
3049-SOLAY,Yes,Yes,0.8296,High Risk
9546-CQJSU,Yes,Yes,0.8296,High Risk
0742-NXBGR,Yes,Yes,0.8294,High Risk
1628-BIZYP,No,Yes,0.8294,High Risk
0259-GBZSH,Yes,Yes,0.8283,High Risk
7181-BQYBV,Yes,Yes,0.8279,High Risk
7493-TPUWZ,Yes,Yes,0.8269,High Risk
8357-EQXFO,Yes,Yes,0.8268,High Risk
2545-EBUPK,No,Yes,0.826,High Risk
7903-CMPEY,Yes,Yes,0.8241,High Risk
1455-UGQVH,Yes,Yes,0.8237,High Risk
9305-CDSKC,Yes,Yes,0.8237,High Risk
6857-VWJDT,Yes,Yes,0.8224,High Risk
8372-JUXUI,Yes,Yes,0.8221,High Risk
7180-PISOG,Yes,Yes,0.8221,High Risk
1273-MTETI,Yes,Yes,0.8217,High Risk
5567-WSELE,Yes,Yes,0.8216,High Risk
2720-WGKHP,Yes,Yes,0.8216,High Risk
5494-HECPR,Yes,Yes,0.8204,High Risk
7439-DKZTW,No,Yes,0.8204,High Risk
0318-QUUOB,Yes,Yes,0.8204,High Risk
8580-AECUZ,Yes,Yes,0.8201,High Risk
6567-HOOPW,Yes,Yes,0.8201,High Risk
8161-QYMTT,No,Yes,0.8201,High Risk
2462-XIIJB,Yes,Yes,0.8193,High Risk
5875-YPQFJ,Yes,Yes,0.8188,High Risk
9728-FTTVZ,Yes,Yes,0.8188,High Risk
4806-HIPDW,Yes,Yes,0.8188,High Risk
5542-TBBWB,No,Yes,0.8188,High Risk
7254-IQWOZ,Yes,Yes,0.8188,High Risk
0488-GSLFR,Yes,Yes,0.8188,High Risk
6416-TVAIH,Yes,Yes,0.8188,High Risk
5134-IKDAY,Yes,Yes,0.8188,High Risk
9804-ICWBG,Yes,Yes,0.8188,High Risk
4550-EVXNY,Yes,Yes,0.8188,High Risk
7665-TOALD,Yes,Yes,0.8188,High Risk
3716-BDVDB,Yes,Yes,0.8188,High Risk
7660-HDPJV,Yes,Yes,0.8188,High Risk
4603-JANFB,Yes,Yes,0.8188,High Risk
6502-MJQAE,Yes,Yes,0.8188,High Risk
1447-GIQMR,Yes,Yes,0.8188,High Risk
6457-GIRWB,Yes,Yes,0.8188,High Risk
3428-XZMAZ,Yes,Yes,0.8188,High Risk
1820-TQVEV,Yes,Yes,0.8188,High Risk
4510-HIMLV,Yes,Yes,0.8188,High Risk
0781-LKXBR,Yes,Yes,0.8185,High Risk
4822-RVYBB,Yes,Yes,0.8185,High Risk
9300-RENDD,Yes,Yes,0.8178,High Risk
8740-CRYFY,Yes,Yes,0.8178,High Risk
8058-INTPH,Yes,Yes,0.8178,High Risk
1761-AEZZR,Yes,Yes,0.8178,High Risk
5960-WPXQM,Yes,Yes,0.8178,High Risk
2514-GINMM,Yes,Yes,0.8178,High Risk
5919-TMRGD,Yes,Yes,0.8178,High Risk
2656-TABEH,Yes,Yes,0.8171,High Risk
1977-STDKI,Yes,Yes,0.8168,High Risk
4750-ZRXIU,Yes,Yes,0.8167,High Risk
2968-SSGAA,Yes,Yes,0.8162,High Risk
4952-YSOGZ,Yes,Yes,0.816,High Risk
7120-RFMVS,Yes,Yes,0.8157,High Risk
4614-NUVZD,Yes,Yes,0.8156,High Risk
6457-USBER,Yes,Yes,0.8156,High Risk
2018-QKYGT,No,Yes,0.8156,High Risk
5380-AFSSK,Yes,Yes,0.8154,High Risk
6210-KBBPI,Yes,Yes,0.8149,High Risk
0495-RVCBF,Yes,Yes,0.8131,High Risk
2868-MZAGQ,Yes,Yes,0.8131,High Risk
7594-RQHXR,Yes,Yes,0.8131,High Risk
8972-HJWNV,Yes,Yes,0.8127,High Risk
0684-AOSIH,Yes,Yes,0.8123,High Risk
6356-ELRKD,Yes,Yes,0.8123,High Risk
4695-WJZUE,Yes,Yes,0.8122,High Risk
5797-APWZC,Yes,Yes,0.812,High Risk
7294-TMAOP,Yes,Yes,0.812,High Risk
6496-SLWHQ,Yes,Yes,0.8117,High Risk
5419-CONWX,Yes,Yes,0.8103,High Risk
4626-GYCZP,Yes,Yes,0.8093,High Risk
3296-SILRA,Yes,Yes,0.8084,High Risk
6618-RYATB,Yes,Yes,0.8082,High Risk
3006-XIMLN,Yes,Yes,0.8075,High Risk
5196-SGOAK,Yes,Yes,0.8073,High Risk
3811-VBYBZ,Yes,Yes,0.807,High Risk
6023-YEBUP,Yes,Yes,0.8067,High Risk
6979-ZNSFF,Yes,Yes,0.8064,High Risk
4445-ZJNMU,No,Yes,0.8062,High Risk
2012-NWRPA,Yes,Yes,0.8061,High Risk
0702-PGIBZ,Yes,Yes,0.8054,High Risk
0137-OCGAB,Yes,Yes,0.8053,High Risk
7024-OHCCK,Yes,Yes,0.8045,High Risk
2865-TCHJW,Yes,Yes,0.8045,High Risk
3387-VATUS,Yes,Yes,0.8044,High Risk
0897-FEGMU,Yes,Yes,0.8036,High Risk
3462-BJQQA,No,Yes,0.803,High Risk
7450-NWRTR,Yes,Yes,0.802,High Risk
8739-XNIKG,No,Yes,0.802,High Risk
4927-WWOOZ,No,Yes,0.802,High Risk
3158-MOERK,Yes,Yes,0.802,High Risk
2636-ALXXZ,Yes,Yes,0.8015,High Risk
1846-XWOQN,Yes,Yes,0.8015,High Risk
9603-OAIHC,No,Yes,0.8015,High Risk
9605-WGJVW,No,Yes,0.8015,High Risk
8051-HJRLT,Yes,Yes,0.8015,High Risk
8062-YBDOE,Yes,Yes,0.8015,High Risk
4871-JTKJF,Yes,Yes,0.8015,High Risk
1363-TXLSL,Yes,Yes,0.8015,High Risk
8644-XLFBW,Yes,Yes,0.8015,High Risk
7206-GZCDC,Yes,Yes,0.8015,High Risk
9488-HGMJH,Yes,Yes,0.8015,High Risk
3878-AVSOQ,No,Yes,0.8015,High Risk
0679-IDSTG,Yes,Yes,0.8015,High Risk
7409-KIUTL,Yes,Yes,0.8015,High Risk
8375-DKEBR,Yes,Yes,0.8015,High Risk
5539-TMZLF,Yes,Yes,0.8015,High Risk
2506-TNFCO,Yes,Yes,0.8015,High Risk
5550-VFRLC,Yes,Yes,0.8015,High Risk
8000-REIQB,Yes,Yes,0.8015,High Risk
2265-CYWIV,Yes,Yes,0.7999,High Risk
0328-GRPMV,Yes,Yes,0.799,High Risk
6653-CBBOM,Yes,Yes,0.799,High Risk
1853-UDXBW,Yes,Yes,0.799,High Risk
1640-PLFMP,No,Yes,0.799,High Risk
6996-KNSML,Yes,Yes,0.799,High Risk
4702-IOQDC,Yes,Yes,0.799,High Risk
7465-ZZRVX,No,Yes,0.799,High Risk
2446-PLQVO,Yes,Yes,0.799,High Risk
8380-PEFPE,Yes,Yes,0.799,High Risk
5376-DEQCP,Yes,Yes,0.799,High Risk
3494-JCHRQ,Yes,Yes,0.799,High Risk
1031-IIDEO,Yes,Yes,0.799,High Risk
3422-LYEPQ,Yes,Yes,0.799,High Risk
3244-DCJWY,Yes,Yes,0.799,High Risk
1400-MMYXY,Yes,Yes,0.7981,High Risk
7314-OXENN,Yes,Yes,0.798,High Risk
8382-SHQEH,Yes,Yes,0.7976,High Risk
6960-HVYXR,Yes,Yes,0.797,High Risk
8593-WHYHV,Yes,Yes,0.7969,High Risk
3801-HMYNL,Yes,Yes,0.7965,High Risk
7943-RQCHR,Yes,Yes,0.7965,High Risk
7817-BOQPW,Yes,Yes,0.7963,High Risk
1624-NALOJ,Yes,Yes,0.7957,High Risk
6015-VVHHE,Yes,Yes,0.7955,High Risk
4078-SAYYN,Yes,Yes,0.7954,High Risk
4847-TAJYI,No,Yes,0.7951,High Risk
8775-ERLNB,No,Yes,0.7948,High Risk
9885-CSMWE,Yes,Yes,0.7938,High Risk
3765-JXVKY,Yes,Yes,0.7935,High Risk
4274-OWWYO,Yes,Yes,0.7935,High Risk
4228-ZGYUW,Yes,Yes,0.7931,High Risk
6892-EZDTG,Yes,Yes,0.793,High Risk
7330-WZLNC,Yes,Yes,0.793,High Risk
8821-XNHVZ,Yes,Yes,0.7923,High Risk
9507-EXLTT,Yes,Yes,0.7923,High Risk
1143-NMNQJ,Yes,Yes,0.7921,High Risk
0697-ZMSWS,Yes,Yes,0.7921,High Risk
1925-TIBLE,Yes,Yes,0.7914,High Risk
1579-KLYDT,Yes,Yes,0.7914,High Risk
2254-DLXRI,No,Yes,0.7899,High Risk
5275-SQEIZ,Yes,Yes,0.7899,High Risk
4581-SSPWD,Yes,Yes,0.7897,High Risk
0219-YTZUE,Yes,Yes,0.7896,High Risk
3049-NDXFL,Yes,Yes,0.7887,High Risk
2982-IHMFT,Yes,Yes,0.7874,High Risk
6969-MVBAI,No,Yes,0.7873,High Risk
2660-EMUBI,Yes,Yes,0.7873,High Risk
6108-OQZDQ,Yes,Yes,0.7852,High Risk
0564-JJHGS,Yes,Yes,0.7847,High Risk
3643-AHCFP,Yes,Yes,0.7843,High Risk
2454-RPBRZ,Yes,Yes,0.7837,High Risk
1450-GALXR,Yes,Yes,0.7836,High Risk
8337-UPOAQ,Yes,Yes,0.7834,High Risk
3776-EKTKM,Yes,Yes,0.7822,High Risk
3389-YGYAI,Yes,Yes,0.7802,High Risk
9399-APLBT,Yes,Yes,0.7797,High Risk
5054-IEXZT,Yes,Yes,0.7797,High Risk
2074-GKOWZ,Yes,Yes,0.7796,High Risk
2276-YDAVZ,Yes,Yes,0.7788,High Risk
4929-XIHVW,No,Yes,0.7786,High Risk
4713-LZDRV,Yes,Yes,0.7783,High Risk
7526-BEZQB,Yes,Yes,0.7783,High Risk
2013-SGDXK,Yes,Yes,0.7782,High Risk
3707-GNWHM,Yes,Yes,0.7778,High Risk
3276-HDUEG,Yes,Yes,0.7778,High Risk
3746-EUBYR,Yes,Yes,0.7778,High Risk
1724-BQUHA,Yes,Yes,0.7772,High Risk
1062-LHZOD,Yes,Yes,0.7772,High Risk
1086-LXKFY,Yes,Yes,0.7772,High Risk
7908-QCBCA,Yes,Yes,0.7772,High Risk
3519-ZKXGG,Yes,Yes,0.7771,High Risk
7479-NITWS,Yes,Yes,0.7769,High Risk
9451-LPGOO,Yes,Yes,0.7769,High Risk
9025-AOMKI,Yes,Yes,0.7767,High Risk
2215-ZAFGX,No,Yes,0.7763,High Risk
2691-NZETQ,Yes,Yes,0.7763,High Risk
9444-JTXHZ,Yes,Yes,0.7756,High Risk
6910-HADCM,Yes,Yes,0.7756,High Risk
6474-FVJLC,Yes,Yes,0.7749,High Risk
2990-HWIML,Yes,Yes,0.7745,High Risk
2982-VPSGI,Yes,Yes,0.7741,High Risk
8780-IXSTS,Yes,Yes,0.774,High Risk
5318-IXUZF,Yes,Yes,0.7734,High Risk
3871-IKPYH,Yes,Yes,0.7732,High Risk
1173-XZPYF,No,Yes,0.7725,High Risk
9061-TIHDA,Yes,Yes,0.7724,High Risk
3793-MMFUH,Yes,Yes,0.7724,High Risk
2856-HYAPG,Yes,Yes,0.7722,High Risk
3198-VELRD,Yes,Yes,0.7717,High Risk
1571-SAVHK,Yes,Yes,0.7713,High Risk
6372-RFVNS,Yes,Yes,0.7711,High Risk
2777-PHDEI,Yes,Yes,0.7711,High Risk
9019-QVLZD,Yes,Yes,0.7711,High Risk
3440-JPSCL,Yes,Yes,0.7696,High Risk
8058-JMEQO,Yes,Yes,0.7692,High Risk
2642-DTVCO,Yes,Yes,0.7692,High Risk
9965-YOKZB,Yes,Yes,0.7692,High Risk
2867-UIMSS,Yes,Yes,0.7685,High Risk
2952-QAYZF,Yes,Yes,0.7684,High Risk
4143-OOBWZ,Yes,Yes,0.7684,High Risk
0637-KVDLV,Yes,Yes,0.7676,High Risk
8931-GJJIQ,Yes,Yes,0.7665,High Risk
0195-IESCP,Yes,Yes,0.7665,High Risk
3319-DWOEP,Yes,Yes,0.7663,High Risk
6350-XFYGW,No,Yes,0.7663,High Risk
2754-SDJRD,No,Yes,0.7662,High Risk
9134-CEQMF,Yes,Yes,0.7656,High Risk
1448-PWKYE,Yes,Yes,0.7654,High Risk
8945-GRKHX,Yes,Yes,0.7654,High Risk
1285-OKIPP,Yes,Yes,0.7654,High Risk
5393-RXQSZ,Yes,Yes,0.7654,High Risk
5043-TRZWM,No,Yes,0.7647,High Risk
0390-DCFDQ,Yes,Yes,0.7646,High Risk
8309-IEYJD,No,Yes,0.7646,High Risk
5186-SAMNZ,Yes,Yes,0.7646,High Risk
5564-NEMQO,Yes,Yes,0.7646,High Risk
1389-CXMLU,Yes,Yes,0.764,High Risk
7779-LGOVN,Yes,Yes,0.7639,High Risk
1875-QIVME,Yes,Yes,0.7637,High Risk
3992-YWPKO,Yes,Yes,0.7637,High Risk
4192-GORJT,Yes,Yes,0.7635,High Risk
0754-UKWQP,Yes,Yes,0.7635,High Risk
8622-ZLFKO,No,Yes,0.763,High Risk
4951-UKAAQ,Yes,Yes,0.763,High Risk
7488-MXJIV,Yes,Yes,0.763,High Risk
8086-OVPWV,Yes,Yes,0.763,High Risk
8258-GSTJK,Yes,Yes,0.7621,High Risk
7576-OYWBN,Yes,Yes,0.7621,High Risk
7228-OMTPN,Yes,Yes,0.7618,High Risk
1618-CFHME,Yes,Yes,0.7593,High Risk
5835-BEQEU,Yes,Yes,0.7593,High Risk
7249-WBIYX,Yes,Yes,0.7582,High Risk
1980-KXVPM,Yes,Yes,0.7578,High Risk
9172-ANCRX,Yes,Yes,0.7577,High Risk
6630-UJZMY,No,Yes,0.7574,High Risk
7595-EUIVN,Yes,Yes,0.7569,High Risk
8168-UQWWF,Yes,Yes,0.7563,High Risk
5760-IFJOZ,No,Yes,0.7562,High Risk
8992-JQYUN,Yes,Yes,0.7551,High Risk
1567-DSCIC,Yes,Yes,0.7549,High Risk
3489-HHPFY,No,Yes,0.7545,High Risk
3727-RJMEO,Yes,Yes,0.7545,High Risk
2024-BASKD,Yes,Yes,0.7543,High Risk
2619-WFQWU,Yes,Yes,0.7543,High Risk
3066-RRJIO,Yes,Yes,0.7543,High Risk
9617-INGJY,No,Yes,0.7543,High Risk
5032-MIYKT,No,Yes,0.7543,High Risk
1122-JWTJW,Yes,Yes,0.7543,High Risk
0968-GSIKN,Yes,Yes,0.7543,High Risk
9985-MWVIX,Yes,Yes,0.7543,High Risk
2920-RNCEZ,No,Yes,0.7543,High Risk
0515-YPMCW,Yes,Yes,0.7543,High Risk
6140-QNRQQ,Yes,Yes,0.7543,High Risk
8042-JVNFH,Yes,Yes,0.7543,High Risk
6688-UZPWD,Yes,Yes,0.7537,High Risk
7613-LLQFO,Yes,Yes,0.7524,High Risk
5519-NPHVG,Yes,Yes,0.7524,High Risk
5348-CAGXB,No,Yes,0.7524,High Risk
3902-FOIGH,Yes,Yes,0.7518,High Risk
3606-TWKGI,Yes,Yes,0.7518,High Risk
1304-NECVQ,Yes,Yes,0.7515,High Risk
9957-YODKZ,No,Yes,0.7515,High Risk
0196-VULGZ,Yes,Yes,0.7515,High Risk
6683-VLCTZ,Yes,Yes,0.7513,High Risk
9894-EZEWG,Yes,Yes,0.7508,High Risk
1569-TTNYJ,Yes,Yes,0.7498,High Risk
7932-WPTDS,Yes,Yes,0.7498,High Risk
8779-QRDMV,Yes,Yes,0.7498,High Risk
1768-ZAIFU,Yes,Yes,0.7498,High Risk
0023-HGHWL,Yes,Yes,0.7498,High Risk
4132-KALRO,No,Yes,0.7494,High Risk
2027-FECZV,Yes,Yes,0.7489,High Risk
2262-SLNVK,No,Yes,0.7489,High Risk
4759-TRPLW,Yes,Yes,0.7489,High Risk
9940-RHLFB,Yes,Yes,0.7489,High Risk
5583-SXDAG,Yes,Yes,0.7489,High Risk
1915-IOFGU,Yes,Yes,0.7489,High Risk
3177-LASXD,Yes,Yes,0.7489,High Risk
7153-OANIO,Yes,Yes,0.7489,High Risk
1320-HTRDR,Yes,Yes,0.7479,High Risk
6060-DRTNL,Yes,Yes,0.7476,High Risk
6086-ESGRL,Yes,Yes,0.7469,High Risk
7005-CCBKV,Yes,Yes,0.7465,High Risk
6137-NICCO,No,Yes,0.7457,High Risk
2205-YMZZJ,Yes,Yes,0.7451,High Risk
1564-NTYXF,Yes,Yes,0.7448,High Risk
0812-WUPTB,Yes,Yes,0.7448,High Risk
0680-DFNNY,Yes,Yes,0.7444,High Risk
9189-JWSHV,Yes,Yes,0.744,High Risk
0722-TROQR,Yes,Yes,0.7433,High Risk
6772-KSATR,Yes,Yes,0.7426,High Risk
5889-LFOLL,Yes,Yes,0.7419,High Risk
1465-VINDH,Yes,Yes,0.7414,High Risk
8414-MYSHR,Yes,Yes,0.7413,High Risk
9944-HKVVB,Yes,Yes,0.7407,High Risk
7548-SEPYI,Yes,Yes,0.7407,High Risk
7234-FECYN,Yes,Yes,0.7391,High Risk
1960-UYCNN,No,Yes,0.7388,High Risk
3045-XETSH,Yes,Yes,0.7388,High Risk
2876-GZYZC,No,Yes,0.738,High Risk
8510-AWCXC,Yes,Yes,0.7375,High Risk
7295-JOMMD,Yes,Yes,0.7362,High Risk
7858-GTZSP,No,Yes,0.7362,High Risk
0375-HVGXO,Yes,Yes,0.736,High Risk
5378-IKEEG,Yes,Yes,0.736,High Risk
5884-GCYMI,Yes,Yes,0.7359,High Risk
4110-PFEUZ,Yes,Yes,0.7359,High Risk
1084-UQCHV,Yes,Yes,0.7359,High Risk
4501-EQDRN,Yes,Yes,0.7359,High Risk
7938-OUHIO,Yes,Yes,0.7358,High Risk
1075-BGWOH,Yes,Yes,0.7354,High Risk
0840-DFEZH,No,Yes,0.7348,High Risk
3834-XUIFC,Yes,Yes,0.7345,High Risk
9330-IJWIO,Yes,Yes,0.7345,High Risk
5956-VKDTT,Yes,Yes,0.7343,High Risk
1197-BVMVG,No,Yes,0.7343,High Risk
9734-YWGEX,Yes,Yes,0.7334,High Risk
2612-RANWT,Yes,Yes,0.7333,High Risk
5293-WXJAK,Yes,Yes,0.7333,High Risk
3398-FSHON,Yes,Yes,0.7326,High Risk
6393-WRYZE,Yes,Yes,0.7323,High Risk
0871-URUWO,Yes,Yes,0.7323,High Risk
6275-YDUVO,Yes,Yes,0.7323,High Risk
2034-GDRCN,Yes,Yes,0.7321,High Risk
4234-XTNEA,No,Yes,0.7321,High Risk
9306-CPCBC,Yes,Yes,0.7313,High Risk
4090-KPJIP,No,Yes,0.7313,High Risk
7341-LXCAF,Yes,Yes,0.7313,High Risk
0404-SWRVG,Yes,Yes,0.7313,High Risk
8083-YTZES,Yes,Yes,0.7313,High Risk
4229-CZMLL,Yes,Yes,0.7313,High Risk
2135-DQWAQ,No,Yes,0.7298,High Risk
5561-NWEVX,Yes,Yes,0.7289,High Risk
9334-GWGOW,No,Yes,0.7288,High Risk
2077-MPJQO,No,Yes,0.7288,High Risk
9840-EFJQB,No,Yes,0.7288,High Risk
4236-XPXAV,Yes,Yes,0.728,High Risk
2645-QTLMB,Yes,Yes,0.7278,High Risk
5565-FILXA,Yes,Yes,0.7276,High Risk
6161-UUUTA,Yes,Yes,0.7276,High Risk
3097-NQYSN,Yes,Yes,0.7265,High Risk
9878-TNQGW,Yes,Yes,0.7258,High Risk
8443-ZRDBZ,Yes,Yes,0.7257,High Risk
0122-OAHPZ,Yes,Yes,0.7257,High Risk
6711-FLDFB,Yes,Yes,0.7257,High Risk
6702-OHFWR,Yes,Yes,0.7255,High Risk
7398-SKNQZ,No,Yes,0.725,High Risk
2612-RRIDN,Yes,Yes,0.7245,High Risk
3318-NMQXL,No,Yes,0.7245,High Risk
7563-BIUPC,Yes,Yes,0.7245,High Risk
5299-RULOA,Yes,Yes,0.7231,High Risk
1393-IMKZG,No,Yes,0.7221,High Risk
7209-JCUDS,Yes,Yes,0.7219,High Risk
5168-MSWXT,No,Yes,0.7219,High Risk
2929-ERCFZ,Yes,Yes,0.7219,High Risk
0722-SVSFK,No,Yes,0.7217,High Risk
9647-ERGBE,Yes,Yes,0.7211,High Risk
0880-TKATG,Yes,Yes,0.721,High Risk
2369-UAPKZ,Yes,Yes,0.7203,High Risk
6435-SRWBJ,No,Yes,0.7202,High Risk
0495-ZBNGW,Yes,Yes,0.7201,High Risk
2657-VPXTA,No,Yes,0.72,High Risk
0220-EBGCE,Yes,Yes,0.7198,High Risk
0236-HFWSV,Yes,Yes,0.7197,High Risk
4439-JMPMT,Yes,Yes,0.7193,High Risk
7074-IEVOJ,Yes,Yes,0.7188,High Risk
4795-KTRTH,Yes,Yes,0.7188,High Risk
0334-GDDSO,Yes,Yes,0.7188,High Risk
6877-TJMBR,Yes,Yes,0.7186,High Risk
2789-HQBOU,No,Yes,0.7181,High Risk
9897-KXHCM,Yes,Yes,0.7181,High Risk
5569-KGJHX,Yes,Yes,0.7176,High Risk
9547-ITEFG,No,Yes,0.7174,High Risk
5229-PRWKT,Yes,Yes,0.7169,High Risk
8808-ELEHO,Yes,Yes,0.7167,High Risk
5383-MMTWC,Yes,Yes,0.7167,High Risk
3422-GALYP,No,Yes,0.7157,High Risk
4636-QRJKY,Yes,Yes,0.7151,High Risk
0187-QSXOE,No,Yes,0.7143,High Risk
2123-AGEEN,No,Yes,0.7143,High Risk
2379-ENZGV,Yes,Yes,0.7142,High Risk
7079-QRCBC,Yes,Yes,0.7139,High Risk
8185-UPYBR,Yes,Yes,0.7134,High Risk
4749-OJKQU,No,Yes,0.7134,High Risk
6956-SMUCM,Yes,Yes,0.7132,High Risk
1981-INRFU,Yes,Yes,0.7117,High Risk
6437-UKHMV,Yes,Yes,0.7112,High Risk
4285-GYRQC,Yes,Yes,0.7112,High Risk
5868-YWPDW,Yes,Yes,0.7109,High Risk
6860-YRJZP,No,Yes,0.7108,High Risk
0709-TVGUR,Yes,Yes,0.7108,High Risk
2674-MIAHT,No,Yes,0.7107,High Risk
4145-UQXUQ,Yes,Yes,0.7105,High Risk
0511-JTEOY,Yes,Yes,0.7102,High Risk
1746-TGTWV,No,Yes,0.7102,High Risk
0519-XUZJU,Yes,Yes,0.7102,High Risk
8040-MNRTF,No,Yes,0.7102,High Risk
9747-DDZOS,Yes,Yes,0.7102,High Risk
0151-ONTOV,Yes,Yes,0.7102,High Risk
5940-AHUHD,Yes,Yes,0.7102,High Risk
3621-CEOVK,Yes,Yes,0.7102,High Risk
0329-GTIAJ,Yes,Yes,0.7101,High Risk
3877-JRJIP,Yes,Yes,0.71,High Risk
0011-IGKFF,Yes,Yes,0.7092,High Risk
3217-FZDMN,Yes,Yes,0.7084,High Risk
3030-YDNRM,No,Yes,0.7076,High Risk
8065-YKXKD,Yes,Yes,0.7076,High Risk
8541-QVFKM,No,Yes,0.7076,High Risk
4282-YMKNA,Yes,Yes,0.7076,High Risk
3199-XGZCY,No,Yes,0.7076,High Risk
7969-AULMZ,Yes,Yes,0.7073,High Risk
8087-LGYHQ,No,Yes,0.7073,High Risk
0325-XBFAC,Yes,Yes,0.7073,High Risk
6407-UTSLV,No,Yes,0.7071,High Risk
6229-LSCKB,No,Yes,0.707,High Risk
9094-AZPHK,No,Yes,0.707,High Risk
3473-XIIIT,Yes,Yes,0.707,High Risk
1731-TVIUK,Yes,Yes,0.7062,High Risk
5095-AESKG,Yes,Yes,0.7046,High Risk
8245-UMPYT,Yes,Yes,0.7045,High Risk
1678-FYZOW,Yes,Yes,0.7038,High Risk
0916-QOFDP,No,Yes,0.7036,High Risk
5673-FSSMF,Yes,Yes,0.7034,High Risk
0248-IPDFW,No,Yes,0.7034,High Risk
2740-TVLFN,No,Yes,0.7034,High Risk
7767-UXAGJ,Yes,Yes,0.7034,High Risk
5150-ITWWB,No,Yes,0.7027,High Risk
5429-LWCMV,No,Yes,0.7022,High Risk
4290-BSXUX,Yes,Yes,0.7019,High Risk
4813-HQMGZ,No,Yes,0.7016,High Risk
2472-OVKUP,Yes,Yes,0.7015,High Risk
9809-IMGCQ,Yes,Yes,0.7008,High Risk
3677-IYRBF,Yes,Yes,0.7006,High Risk
8348-HFYIV,Yes,Yes,0.7005,High Risk
3091-FYHKI,Yes,Yes,0.6993,Medium Risk
7365-BVCJH,No,Yes,0.6993,Medium Risk
1334-FJSVR,Yes,Yes,0.6993,Medium Risk
1024-GUALD,Yes,Yes,0.6993,Medium Risk
2672-DZUOY,Yes,Yes,0.6993,Medium Risk
3797-VTIDR,Yes,Yes,0.6993,Medium Risk
0841-NULXI,Yes,Yes,0.6993,Medium Risk
8937-RDTHP,Yes,Yes,0.6988,Medium Risk
7354-OIJLX,No,Yes,0.6986,Medium Risk
4298-OYIFC,No,Yes,0.6973,Medium Risk
6941-PMGEP,Yes,Yes,0.6971,Medium Risk
6615-NGGZJ,Yes,Yes,0.6963,Medium Risk
8132-YPVBX,No,Yes,0.696,Medium Risk
1704-NRWYE,Yes,Yes,0.6958,Medium Risk
5028-HTLJB,Yes,Yes,0.6953,Medium Risk
4115-NZRKS,No,Yes,0.6932,Medium Risk
3138-BKYAV,Yes,Yes,0.6931,Medium Risk
1342-JPNKI,Yes,Yes,0.6927,Medium Risk
4112-LUEIZ,Yes,Yes,0.6925,Medium Risk
1184-PJVDB,Yes,Yes,0.6925,Medium Risk
3320-VEOYC,No,Yes,0.6923,Medium Risk
0612-RTZZA,Yes,Yes,0.6923,Medium Risk
0616-ATFGB,Yes,Yes,0.6923,Medium Risk
7130-VTEWQ,Yes,Yes,0.6921,Medium Risk
7145-FEJWU,No,Yes,0.6913,Medium Risk
5698-BQJOH,Yes,Yes,0.6911,Medium Risk
4060-LDNLU,No,Yes,0.6908,Medium Risk
1866-OBPNR,No,Yes,0.6905,Medium Risk
5159-YFPKQ,Yes,Yes,0.6902,Medium Risk
0306-JAELE,Yes,Yes,0.6899,Medium Risk
5445-UTODQ,Yes,Yes,0.6899,Medium Risk
9514-JDSKI,Yes,Yes,0.6891,Medium Risk
5928-QLDHB,No,Yes,0.6888,Medium Risk
1219-NNDDO,No,Yes,0.6888,Medium Risk
8800-JOOCF,No,Yes,0.6874,Medium Risk
4822-NGOCH,Yes,Yes,0.687,Medium Risk
9846-GKXAS,Yes,Yes,0.6862,Medium Risk
5357-TZHPP,Yes,Yes,0.6853,Medium Risk
9174-FKWZE,Yes,Yes,0.6853,Medium Risk
4884-ZTHVF,No,Yes,0.685,Medium Risk
9430-FRQOC,Yes,Yes,0.6846,Medium Risk
5935-FCCNB,No,Yes,0.6844,Medium Risk
1010-DIAUQ,Yes,Yes,0.6841,Medium Risk
6328-ZPBGN,Yes,Yes,0.6836,Medium Risk
8445-DNBAE,No,Yes,0.6835,Medium Risk
4395-PZMSN,No,Yes,0.6832,Medium Risk
1602-IJQQE,Yes,Yes,0.6825,Medium Risk
4514-GFCFI,Yes,Yes,0.6818,Medium Risk
7089-IVVAZ,Yes,Yes,0.6816,Medium Risk
3292-PBZEJ,No,Yes,0.6815,Medium Risk
2516-VQRRV,Yes,Yes,0.6812,Medium Risk
3295-YVUSR,No,Yes,0.6812,Medium Risk
8361-LTMKD,Yes,Yes,0.6812,Medium Risk
7235-NXZCP,Yes,Yes,0.6812,Medium Risk
9221-OTIVJ,Yes,Yes,0.6811,Medium Risk
2081-VEYEH,No,Yes,0.681,Medium Risk
7363-QTBIW,No,Yes,0.6806,Medium Risk
7892-POOKP,Yes,Yes,0.6798,Medium Risk
1024-VRZHF,Yes,Yes,0.6794,Medium Risk
7242-QZLXF,Yes,Yes,0.6792,Medium Risk
2862-PFNIK,No,Yes,0.6792,Medium Risk
2737-WFVYW,Yes,Yes,0.679,Medium Risk
2919-HBCJO,Yes,Yes,0.6788,Medium Risk
7693-LCKZL,Yes,Yes,0.6785,Medium Risk
6982-UQZLY,Yes,Yes,0.6785,Medium Risk
2761-OCIAX,Yes,Yes,0.6784,Medium Risk
7508-MYBOG,Yes,Yes,0.6784,Medium Risk
6127-ISGTU,Yes,Yes,0.6784,Medium Risk
2737-YNGYW,Yes,Yes,0.678,Medium Risk
5138-WVKYJ,Yes,Yes,0.6772,Medium Risk
2985-FMWYF,No,Yes,0.6771,Medium Risk
3370-HXOPH,No,Yes,0.6764,Medium Risk
9837-BMCLM,Yes,Yes,0.6764,Medium Risk
9734-UYXQI,Yes,Yes,0.6763,Medium Risk
9565-DJPIB,Yes,Yes,0.6757,Medium Risk
3338-CVVEH,No,Yes,0.6756,Medium Risk
5442-UTCVD,Yes,Yes,0.6752,Medium Risk
1200-TUZHR,No,Yes,0.6748,Medium Risk
9689-PTNPG,Yes,Yes,0.6746,Medium Risk
4529-CKBCL,Yes,Yes,0.6746,Medium Risk
7760-OYPDY,Yes,Yes,0.6746,Medium Risk
2845-AFFTX,Yes,Yes,0.674,Medium Risk
1866-RZZQS,Yes,Yes,0.674,Medium Risk
9290-SHCMB,No,Yes,0.6738,Medium Risk
4385-GZQXV,Yes,Yes,0.6733,Medium Risk
9741-YLNTD,No,Yes,0.6732,Medium Risk
4547-KQRTM,Yes,Yes,0.6729,Medium Risk
6101-IMRMM,Yes,Yes,0.6721,Medium Risk
0822-GAVAP,Yes,Yes,0.672,Medium Risk
2485-ITVKB,Yes,Yes,0.672,Medium Risk
0746-JTRFU,Yes,Yes,0.672,Medium Risk
3703-VAVCL,Yes,Yes,0.6717,Medium Risk
0094-OIFMO,Yes,Yes,0.6713,Medium Risk
0661-XEYAN,Yes,Yes,0.671,Medium Risk
1496-GGSUK,Yes,Yes,0.671,Medium Risk
7315-WYOAW,No,Yes,0.6709,Medium Risk
4633-MKHYU,No,Yes,0.6709,Medium Risk
4277-PVRAN,Yes,Yes,0.6709,Medium Risk
9317-WZPGV,Yes,Yes,0.6706,Medium Risk
0345-HKJVM,Yes,Yes,0.6704,Medium Risk
3186-BAXNB,Yes,Yes,0.6701,Medium Risk
4086-YQSNZ,Yes,Yes,0.6696,Medium Risk
9231-ZJYAM,Yes,Yes,0.6696,Medium Risk
4140-MUHUG,Yes,Yes,0.6696,Medium Risk
4806-KEXQR,Yes,Yes,0.6694,Medium Risk
2180-DXNEG,Yes,Yes,0.6689,Medium Risk
9850-OWRHQ,Yes,Yes,0.6688,Medium Risk
6856-RAURS,No,Yes,0.6688,Medium Risk
6221-AVQYL,Yes,Yes,0.6688,Medium Risk
5570-PTWEH,Yes,Yes,0.6688,Medium Risk
6424-ELEYH,Yes,Yes,0.6688,Medium Risk
8111-RKSPX,Yes,Yes,0.6688,Medium Risk
7568-PODML,Yes,Yes,0.6683,Medium Risk
3247-ZVOUO,Yes,Yes,0.6682,Medium Risk
4201-JMNGR,Yes,Yes,0.6669,Medium Risk
7994-UYIVZ,No,Yes,0.6664,Medium Risk
0231-LXVAP,Yes,Yes,0.6664,Medium Risk
6215-NQCPY,No,Yes,0.6663,Medium Risk
7780-OTDSO,Yes,Yes,0.6663,Medium Risk
9185-TQCVP,Yes,Yes,0.6662,Medium Risk
8752-STIVR,Yes,Yes,0.6662,Medium Risk
2672-HUYVI,Yes,Yes,0.6662,Medium Risk
6786-OBWQR,No,Yes,0.6662,Medium Risk
3191-CSNMG,No,Yes,0.6662,Medium Risk
6357-JJPQT,No,Yes,0.6662,Medium Risk
9611-CTWIH,Yes,Yes,0.6662,Medium Risk
2959-MJHIC,Yes,Yes,0.6662,Medium Risk
7156-MHUGY,Yes,Yes,0.6657,Medium Risk
2430-USGXP,Yes,Yes,0.6657,Medium Risk
8943-URTMR,Yes,Yes,0.6651,Medium Risk
1583-IHQZE,Yes,Yes,0.6646,Medium Risk
3750-CKVKH,Yes,Yes,0.6645,Medium Risk
7394-FKDNK,Yes,Yes,0.6639,Medium Risk
1195-OIYEJ,Yes,Yes,0.6636,Medium Risk
5949-XIKAE,Yes,Yes,0.6635,Medium Risk
2845-HSJCY,Yes,Yes,0.6634,Medium Risk
4735-ASGMA,Yes,Yes,0.6628,Medium Risk
3074-GQWYX,Yes,Yes,0.6625,Medium Risk
0013-EXCHZ,Yes,Yes,0.662,Medium Risk
7668-XCFYV,No,Yes,0.661,Medium Risk
1658-BYGOY,Yes,Yes,0.661,Medium Risk
1626-ERCMM,Yes,Yes,0.661,Medium Risk
5364-XYIRR,Yes,Yes,0.6609,Medium Risk
7625-XCQRH,Yes,Yes,0.6596,Medium Risk
6087-MVHJH,Yes,Yes,0.6595,Medium Risk
4210-QFJMF,Yes,Yes,0.6591,Medium Risk
1565-RHDJD,Yes,Yes,0.6587,Medium Risk
1867-BDVFH,Yes,Yes,0.6586,Medium Risk
3585-ISXZP,Yes,Yes,0.6586,Medium Risk
2959-FENLU,No,Yes,0.6585,Medium Risk
8443-WVPSS,Yes,Yes,0.6583,Medium Risk
3874-EQOEP,Yes,Yes,0.6583,Medium Risk
8242-SOQUO,No,Yes,0.6583,Medium Risk
9314-IJWSQ,No,Yes,0.6576,Medium Risk
5382-SOYZL,No,Yes,0.6575,Medium Risk
7218-HKQFK,Yes,Yes,0.6574,Medium Risk
0674-EYYZV,No,Yes,0.6572,Medium Risk
9095-HFAFX,Yes,Yes,0.6566,Medium Risk
9696-RMYBA,No,Yes,0.6566,Medium Risk
6734-GMPVK,No,Yes,0.6563,Medium Risk
8481-YYXWG,Yes,Yes,0.6559,Medium Risk
5883-GTGVD,Yes,Yes,0.6554,Medium Risk
6502-HCJTI,Yes,Yes,0.6552,Medium Risk
5590-BYNII,Yes,Yes,0.6549,Medium Risk
2754-VDLTR,Yes,Yes,0.6548,Medium Risk
4597-NUCQV,Yes,Yes,0.6546,Medium Risk
8118-LSUEL,Yes,Yes,0.6546,Medium Risk
6892-XPFPU,Yes,Yes,0.6546,Medium Risk
9889-TMAHG,Yes,Yes,0.6541,Medium Risk
3916-NRPAP,No,Yes,0.6539,Medium Risk
6352-TWCAU,Yes,Yes,0.6538,Medium Risk
4021-RQSNY,Yes,Yes,0.653,Medium Risk
5649-ANRML,Yes,Yes,0.6529,Medium Risk
5482-PLVPE,Yes,Yes,0.6529,Medium Risk
7638-QVMVY,Yes,Yes,0.6514,Medium Risk
7783-YKGDV,Yes,Yes,0.6511,Medium Risk
8313-NDOIA,No,Yes,0.6511,Medium Risk
8625-AZYZY,Yes,Yes,0.6511,Medium Risk
7384-GHBPI,Yes,Yes,0.651,Medium Risk
9274-CNFMO,Yes,Yes,0.6509,Medium Risk
6821-BUXUX,Yes,Yes,0.6509,Medium Risk
5276-KQWHG,Yes,Yes,0.6509,Medium Risk
2880-FPNAE,No,Yes,0.6509,Medium Risk
9799-CAYJJ,No,Yes,0.6509,Medium Risk
4342-HENTK,Yes,Yes,0.6509,Medium Risk
5804-LEPIM,Yes,Yes,0.6509,Medium Risk
8433-WXGNA,Yes,Yes,0.6507,Medium Risk
5959-BELXA,Yes,Yes,0.6506,Medium Risk
4817-QRJSX,Yes,Yes,0.6502,Medium Risk
8064-RAVOH,No,Yes,0.65,Medium Risk
9828-AOQLM,Yes,Yes,0.65,Medium Risk
3583-EKAPL,Yes,Yes,0.65,Medium Risk
2135-RXIHG,Yes,Yes,0.65,Medium Risk
3063-QFSZL,Yes,Yes,0.65,Medium Risk
5077-DXTCG,Yes,Yes,0.65,Medium Risk
6608-QQLVK,Yes,Yes,0.65,Medium Risk
9822-OAOVB,No,Yes,0.65,Medium Risk
2082-CEFLT,Yes,Yes,0.65,Medium Risk
6128-CZOMY,Yes,Yes,0.65,Medium Risk
5501-TVMGM,No,Yes,0.65,Medium Risk
5909-ECHUI,Yes,Yes,0.65,Medium Risk
8714-CTZJW,No,Yes,0.6494,Medium Risk
0772-GYEQQ,Yes,Yes,0.6493,Medium Risk
4585-HETAI,Yes,Yes,0.6492,Medium Risk
5349-IECLD,Yes,Yes,0.6481,Medium Risk
7394-LWLYN,No,Yes,0.6473,Medium Risk
3721-CNEYS,Yes,Yes,0.6473,Medium Risk
7321-VGNKU,No,Yes,0.6473,Medium Risk
0508-OOLTO,No,Yes,0.6473,Medium Risk
8835-VSDSE,Yes,Yes,0.6473,Medium Risk
4482-EWFMI,No,Yes,0.6473,Medium Risk
9717-QEBGU,No,Yes,0.6473,Medium Risk
9237-HQITU,Yes,Yes,0.6473,Medium Risk
2897-DOVND,No,Yes,0.6473,Medium Risk
6077-BDPXA,No,Yes,0.6473,Medium Risk
0727-IWKVK,Yes,Yes,0.6466,Medium Risk
2260-USTRB,Yes,Yes,0.646,Medium Risk
6818-DJXAA,No,Yes,0.6458,Medium Risk
8873-GLDMH,No,Yes,0.6454,Medium Risk
4559-UWIHT,No,Yes,0.6454,Medium Risk
6432-TWQLB,Yes,Yes,0.6451,Medium Risk
6326-MTTXK,Yes,Yes,0.6451,Medium Risk
4315-MURBD,Yes,Yes,0.6447,Medium Risk
6390-DSAZX,Yes,Yes,0.6444,Medium Risk
7273-TEFQD,Yes,Yes,0.6444,Medium Risk
0365-BZUWY,No,Yes,0.6438,Medium Risk
0875-CABNR,Yes,Yes,0.643,Medium Risk
7590-VHVEG,No,Yes,0.6424,Medium Risk
0644-OQMDK,No,Yes,0.6421,Medium Risk
7044-YAACC,No,Yes,0.6421,Medium Risk
6168-WFVVF,Yes,Yes,0.6421,Medium Risk
2799-ARNLO,No,Yes,0.6421,Medium Risk
2055-PDADH,Yes,Yes,0.6421,Medium Risk
0876-WDUUZ,Yes,Yes,0.642,Medium Risk
8080-DDEMJ,Yes,Yes,0.6416,Medium Risk
6185-TASNN,No,Yes,0.6416,Medium Risk
1976-CFOCS,Yes,Yes,0.6416,Medium Risk
4706-DGAHW,No,Yes,0.6416,Medium Risk
0135-NMXAP,Yes,Yes,0.6414,Medium Risk
4919-IKATY,Yes,Yes,0.6414,Medium Risk
0362-ZBZWJ,Yes,Yes,0.6411,Medium Risk
2362-IBOOY,Yes,Yes,0.6411,Medium Risk
0689-NKYLF,Yes,Yes,0.6405,Medium Risk
9050-IKDZA,No,Yes,0.64,Medium Risk
7517-LDMPS,No,Yes,0.6394,Medium Risk
1918-ZBFQJ,Yes,Yes,0.6394,Medium Risk
6110-OHIHY,Yes,Yes,0.6394,Medium Risk
5685-IIXLY,Yes,Yes,0.6393,Medium Risk
4566-NECEV,No,Yes,0.6387,Medium Risk
2026-TGDHM,Yes,Yes,0.6386,Medium Risk
0455-XFASS,No,Yes,0.6386,Medium Risk
0018-NYROU,No,Yes,0.6386,Medium Risk
9408-SSNVZ,Yes,Yes,0.6386,Medium Risk
2058-DCJBE,Yes,Yes,0.6386,Medium Risk
7379-POKDZ,Yes,Yes,0.6386,Medium Risk
9633-XQABV,No,Yes,0.6386,Medium Risk
7326-RIGQZ,No,Yes,0.6386,Medium Risk
7245-NIIWQ,No,Yes,0.6386,Medium Risk
0004-TLHLJ,Yes,Yes,0.6386,Medium Risk
3453-RTHJQ,No,Yes,0.6386,Medium Risk
6047-YHPVI,Yes,Yes,0.6386,Medium Risk
2568-BRGYX,Yes,Yes,0.6386,Medium Risk
8699-ASUFO,Yes,Yes,0.6384,Medium Risk
7495-OOKFY,Yes,Yes,0.6383,Medium Risk
1689-YQBYY,No,Yes,0.6382,Medium Risk
8861-HGGKB,Yes,Yes,0.638,Medium Risk
2722-JMONI,Yes,Yes,0.6379,Medium Risk
9360-OMDZZ,No,Yes,0.6378,Medium Risk
4706-AXVKM,Yes,Yes,0.6374,Medium Risk
2979-SXESE,Yes,Yes,0.6372,Medium Risk
3663-MITLP,Yes,Yes,0.6368,Medium Risk
6986-IXNDM,No,Yes,0.6359,Medium Risk
4770-UEZOX,No,Yes,0.6356,Medium Risk
2984-AFWNC,No,Yes,0.6352,Medium Risk
5519-YLDGW,Yes,Yes,0.6351,Medium Risk
3855-ONCAR,No,Yes,0.6347,Medium Risk
8266-VBFQL,No,Yes,0.6347,Medium Risk
3106-ULWFW,Yes,Yes,0.6335,Medium Risk
9874-QLCLH,Yes,Yes,0.6334,Medium Risk
7831-QGOXH,Yes,Yes,0.6328,Medium Risk
9840-DVNDC,Yes,Yes,0.6328,Medium Risk
0378-TOVMS,Yes,Yes,0.6322,Medium Risk
9436-ZBZCT,Yes,Yes,0.632,Medium Risk
4291-SHSBH,No,Yes,0.632,Medium Risk
2575-GFSOE,Yes,Yes,0.632,Medium Risk
5027-QPKTE,Yes,Yes,0.632,Medium Risk
8325-QRPZR,No,Yes,0.632,Medium Risk
1077-HUUJM,No,Yes,0.632,Medium Risk
1475-VWVDO,No,Yes,0.632,Medium Risk
5923-GXUOC,Yes,Yes,0.6316,Medium Risk
3001-UNBTL,No,Yes,0.6316,Medium Risk
8263-JQAIK,Yes,Yes,0.6315,Medium Risk
0925-VYDLG,Yes,Yes,0.6308,Medium Risk
4572-DVCGN,Yes,Yes,0.63,Medium Risk
3393-FMZPV,Yes,Yes,0.6291,Medium Risk
0872-NXJYS,Yes,Yes,0.6287,Medium Risk
5956-YHHRX,No,Yes,0.6274,Medium Risk
5937-EORGB,No,Yes,0.6272,Medium Risk
4094-NSEDU,Yes,Yes,0.6272,Medium Risk
7225-CBZPL,No,Yes,0.6272,Medium Risk
3452-GWUIN,No,Yes,0.6272,Medium Risk
4373-VVHQL,No,Yes,0.6268,Medium Risk
4855-SNKMY,Yes,Yes,0.6268,Medium Risk
6959-UWKHF,Yes,Yes,0.6268,Medium Risk
8356-WUAOJ,No,Yes,0.6268,Medium Risk
8705-WZCYL,No,Yes,0.6268,Medium Risk
4361-JEIVL,Yes,Yes,0.6268,Medium Risk
5399-ZIMKF,No,Yes,0.6267,Medium Risk
9921-ZVRHG,Yes,Yes,0.6263,Medium Risk
3249-ZPQRG,Yes,Yes,0.626,Medium Risk
7321-PKUYW,Yes,Yes,0.6253,Medium Risk
7912-SYRQT,Yes,Yes,0.6253,Medium Risk
7392-YYPYJ,No,Yes,0.6237,Medium Risk
4059-IIEBK,No,Yes,0.6236,Medium Risk
2951-QOQTK,Yes,Yes,0.6236,Medium Risk
5955-ERIHD,Yes,Yes,0.6235,Medium Risk
3096-GKWEB,No,Yes,0.6235,Medium Risk
9919-KNPOO,No,Yes,0.6235,Medium Risk
2272-QAGFO,Yes,Yes,0.6232,Medium Risk
9685-WKZGT,Yes,Yes,0.6232,Medium Risk
8107-KNCIM,No,Yes,0.6232,Medium Risk
1379-FRVEB,No,Yes,0.6232,Medium Risk
8708-XPXHZ,Yes,Yes,0.6232,Medium Risk
8999-BOHSE,Yes,Yes,0.6228,Medium Risk
3904-UKFRE,No,Yes,0.6226,Medium Risk
8118-TJAFG,No,Yes,0.6221,Medium Risk
8642-GVWRF,Yes,Yes,0.6215,Medium Risk
8225-BTJAU,Yes,Yes,0.6215,Medium Risk
2688-BHGOG,No,Yes,0.6215,Medium Risk
4910-AQFFX,Yes,Yes,0.6214,Medium Risk
0258-NOKBL,No,Yes,0.6208,Medium Risk
5644-PDMZC,Yes,Yes,0.6204,Medium Risk
2018-PZKMU,No,Yes,0.6202,Medium Risk
3254-YRILK,Yes,Yes,0.6202,Medium Risk
7823-JSOAG,No,Yes,0.62,Medium Risk
8413-VONUO,Yes,Yes,0.6199,Medium Risk
9907-SWKKF,Yes,Yes,0.6198,Medium Risk
2386-LAHRK,Yes,Yes,0.6196,Medium Risk
4929-BSTRX,Yes,Yes,0.6196,Medium Risk
8485-GJCDN,Yes,Yes,0.6194,Medium Risk
3420-ZDBMA,No,Yes,0.6194,Medium Risk
2815-CPTUL,Yes,Yes,0.6194,Medium Risk
3372-KWFBM,Yes,Yes,0.6191,Medium Risk
8720-RQSBJ,No,Yes,0.6182,Medium Risk
6000-APYLU,Yes,Yes,0.6178,Medium Risk
5047-LHVLY,Yes,Yes,0.6178,Medium Risk
6127-IYJOZ,No,Yes,0.6178,Medium Risk
9752-ZNQUT,No,Yes,0.6172,Medium Risk
4317-VTEOA,Yes,Yes,0.6172,Medium Risk
2984-MIIZL,Yes,Yes,0.617,Medium Risk
7890-VYYWG,Yes,Yes,0.617,Medium Risk
3754-DXMRT,Yes,Yes,0.6167,Medium Risk
4816-JBHOV,Yes,Yes,0.6167,Medium Risk
6100-QQHEB,Yes,Yes,0.6167,Medium Risk
9250-WYPLL,Yes,Yes,0.6166,Medium Risk
8734-DKSTZ,No,Yes,0.616,Medium Risk
0420-HLGXF,No,Yes,0.6159,Medium Risk
2025-JKFWI,Yes,Yes,0.6158,Medium Risk
8875-AKBYH,No,Yes,0.6156,Medium Risk
6175-IRFIT,No,Yes,0.6155,Medium Risk
2905-KFQUV,No,Yes,0.6151,Medium Risk
4450-DLLMH,No,Yes,0.6151,Medium Risk
5832-XKAES,Yes,Yes,0.6151,Medium Risk
3999-QGRJH,Yes,Yes,0.6147,Medium Risk
1016-DJTSV,No,Yes,0.6147,Medium Risk
2685-SREOM,Yes,Yes,0.6142,Medium Risk
5995-SNNEW,No,Yes,0.6128,Medium Risk
4349-GFQHK,Yes,Yes,0.6128,Medium Risk
4299-SIMNS,No,Yes,0.6125,Medium Risk
2568-OIADY,Yes,Yes,0.6122,Medium Risk
0939-YAPAF,Yes,Yes,0.6122,Medium Risk
1666-JXLKU,No,Yes,0.6122,Medium Risk
8397-MVTAZ,Yes,Yes,0.6122,Medium Risk
6331-EWIEB,Yes,Yes,0.6119,Medium Risk
5366-IJEQJ,Yes,Yes,0.6119,Medium Risk
0148-DCDOS,Yes,Yes,0.6112,Medium Risk
8270-RKSAP,No,Yes,0.611,Medium Risk
6379-RXJRQ,Yes,Yes,0.611,Medium Risk
5976-JCJRH,Yes,Yes,0.611,Medium Risk
6339-YPSAH,No,Yes,0.611,Medium Risk
2482-CZGBB,Yes,Yes,0.611,Medium Risk
3411-WLRSQ,No,Yes,0.6109,Medium Risk
2424-WVHPL,No,Yes,0.6108,Medium Risk
2034-CGRHZ,Yes,Yes,0.6106,Medium Risk
0125-LZQXK,Yes,Yes,0.6105,Medium Risk
0940-OUQEC,Yes,Yes,0.6095,Medium Risk
8417-FMLZI,Yes,Yes,0.6088,Medium Risk
7952-OBOYL,No,Yes,0.6087,Medium Risk
9227-LUNBG,Yes,Yes,0.6081,Medium Risk
4195-NZGTA,No,Yes,0.6081,Medium Risk
7854-FOKSF,Yes,Yes,0.6081,Medium Risk
3841-CONLJ,No,Yes,0.6081,Medium Risk
2868-SNELZ,Yes,Yes,0.608,Medium Risk
7442-YGZFK,No,Yes,0.6078,Medium Risk
3334-CTHOL,Yes,Yes,0.6078,Medium Risk
4749-VFKVB,Yes,Yes,0.6078,Medium Risk
1309-BXVOQ,Yes,Yes,0.6075,Medium Risk
5520-FVEWJ,Yes,Yes,0.6072,Medium Risk
2608-BHKFN,Yes,Yes,0.606,Medium Risk
3376-BMGFE,Yes,Yes,0.606,Medium Risk
8617-ENBDS,No,Yes,0.606,Medium Risk
2800-VEQXM,No,Yes,0.606,Medium Risk
4029-HPFVY,No,Yes,0.606,Medium Risk
9576-ANLXO,Yes,Yes,0.606,Medium Risk
8120-JDCAM,No,Yes,0.606,Medium Risk
4983-CCWMC,No,Yes,0.606,Medium Risk
4123-DVHPH,No,Yes,0.6055,Medium Risk
5261-QSHQM,Yes,Yes,0.6051,Medium Risk
7802-EFKNY,Yes,Yes,0.6051,Medium Risk
4815-GBTCD,No,Yes,0.6051,Medium Risk
1078-TDCRN,No,Yes,0.605,Medium Risk
9402-ORRAH,No,Yes,0.6048,Medium Risk
6330-JKLPC,Yes,Yes,0.6046,Medium Risk
5405-ZMYXQ,No,Yes,0.6042,Medium Risk
0196-JTUQI,No,Yes,0.6042,Medium Risk
2357-COQEK,Yes,Yes,0.6042,Medium Risk
4598-XLKNJ,Yes,Yes,0.6041,Medium Risk
0302-JOIVN,Yes,Yes,0.6037,Medium Risk
6029-WTIPC,Yes,Yes,0.6037,Medium Risk
9102-IAYHT,Yes,Yes,0.6034,Medium Risk
0947-IDHRQ,Yes,Yes,0.6034,Medium Risk
1513-XNPPH,Yes,Yes,0.6033,Medium Risk
9136-ALYBR,Yes,Yes,0.6031,Medium Risk
1740-CSDJP,Yes,Yes,0.6031,Medium Risk
7537-RBWEA,No,Yes,0.6031,Medium Risk
6032-IGALN,Yes,Yes,0.6031,Medium Risk
4367-NHWMM,No,Yes,0.6031,Medium Risk
7426-RHZGU,No,Yes,0.603,Medium Risk
5480-HPRRX,Yes,Yes,0.6028,Medium Risk
3488-PGMQJ,Yes,Yes,0.6026,Medium Risk
1907-UBQFC,Yes,Yes,0.6026,Medium Risk
0411-EZJZE,No,Yes,0.6018,Medium Risk
8104-OSKWT,No,Yes,0.6016,Medium Risk
5947-SGKCL,No,Yes,0.6015,Medium Risk
7028-DVOIQ,Yes,Yes,0.601,Medium Risk
6116-RFVHN,No,Yes,0.6,Medium Risk
2809-ZMYOQ,No,Yes,0.6,Medium Risk
1508-DFXCU,No,Yes,0.5995,Medium Risk
6347-DCUIK,Yes,Yes,0.5994,Medium Risk
8374-XGEJJ,Yes,Yes,0.5993,Medium Risk
7142-HVGBG,Yes,Yes,0.5993,Medium Risk
8111-SLLHI,Yes,Yes,0.5993,Medium Risk
9992-RRAMN,Yes,Yes,0.5987,Medium Risk
2774-LVQUS,Yes,Yes,0.5984,Medium Risk
2983-ZANRP,Yes,Yes,0.5984,Medium Risk
7402-EYFXX,No,Yes,0.5982,Medium Risk
0928-JMXNP,No,Yes,0.5982,Medium Risk
0023-XUOPT,Yes,Yes,0.5981,Medium Risk
0506-LVNGN,Yes,Yes,0.5981,Medium Risk
1406-PUQVY,No,Yes,0.5976,Medium Risk
6692-UDPJC,Yes,Yes,0.5973,Medium Risk
7615-ESMYF,Yes,Yes,0.5969,Medium Risk
9058-CBREO,Yes,Yes,0.5957,Medium Risk
2397-BRLOM,Yes,Yes,0.5956,Medium Risk
8949-JTMAY,Yes,Yes,0.5956,Medium Risk
9600-NAXZN,Yes,Yes,0.5956,Medium Risk
9851-QXEEQ,Yes,Yes,0.5956,Medium Risk
1723-HKXJQ,Yes,Yes,0.5956,Medium Risk
0337-CNPZE,Yes,Yes,0.5956,Medium Risk
4301-VVZKA,No,Yes,0.5953,Medium Risk
8010-EZLOU,Yes,Yes,0.595,Medium Risk
6899-PPEEA,Yes,Yes,0.5947,Medium Risk
4283-FUTGF,Yes,Yes,0.5942,Medium Risk
6583-KQJLK,No,Yes,0.594,Medium Risk
5712-PTIWW,Yes,Yes,0.5932,Medium Risk
3737-GCSPV,Yes,Yes,0.5927,Medium Risk
0224-RLWWD,No,Yes,0.5927,Medium Risk
3413-BMNZE,No,Yes,0.5923,Medium Risk
4193-ORFCL,Yes,Yes,0.5923,Medium Risk
2057-ZBLPD,Yes,Yes,0.5915,Medium Risk
4853-OITSN,No,Yes,0.5914,Medium Risk
7928-VJYAB,No,Yes,0.5911,Medium Risk
1251-STYSZ,No,Yes,0.5911,Medium Risk
8687-BAFGU,No,Yes,0.591,Medium Risk
0952-KMEEH,Yes,Yes,0.591,Medium Risk
9638-JIQYA,No,Yes,0.5903,Medium Risk
1965-AKTSX,Yes,Yes,0.59,Medium Risk
9391-EOYLI,Yes,Yes,0.5898,Medium Risk
5288-AHOUP,No,Yes,0.5898,Medium Risk
1522-VVDMG,Yes,Yes,0.5897,Medium Risk
9054-FOWNV,No,Yes,0.5894,Medium Risk
1196-AMORA,Yes,Yes,0.5894,Medium Risk
7598-UAASY,Yes,Yes,0.5891,Medium Risk
4958-XCBDQ,Yes,Yes,0.5887,Medium Risk
6851-WEFYX,No,Yes,0.5887,Medium Risk
5842-POCOP,Yes,Yes,0.5886,Medium Risk
8844-TONUD,Yes,Yes,0.5883,Medium Risk
8035-PWSEV,No,Yes,0.588,Medium Risk
3143-JQEGI,Yes,Yes,0.5877,Medium Risk
0168-XZKBB,No,Yes,0.5876,Medium Risk
4433-JCGCG,Yes,Yes,0.5876,Medium Risk
6400-BWQKW,Yes,Yes,0.5873,Medium Risk
0793-TWELN,No,Yes,0.5873,Medium Risk
3672-YITQD,Yes,Yes,0.5871,Medium Risk
0923-PNFUB,Yes,Yes,0.5865,Medium Risk
2154-KVJFF,Yes,Yes,0.5862,Medium Risk
5228-EXCET,Yes,Yes,0.586,Medium Risk
0928-XUTSN,No,Yes,0.586,Medium Risk
6198-ZFIOJ,No,Yes,0.5859,Medium Risk
5119-NZPTV,No,Yes,0.5858,Medium Risk
0685-MLYYM,Yes,Yes,0.5858,Medium Risk
4729-XKASR,Yes,Yes,0.5855,Medium Risk
2800-QQUSO,No,Yes,0.5851,Medium Risk
8903-XEBGX,No,Yes,0.5849,Medium Risk
2962-XPMCQ,Yes,Yes,0.5849,Medium Risk
9253-QXKBE,Yes,Yes,0.5848,Medium Risk
3420-YJLQT,No,Yes,0.5844,Medium Risk
7861-UVUFT,Yes,Yes,0.5841,Medium Risk
3908-BLSYF,Yes,Yes,0.5841,Medium Risk
3629-ZNKXA,No,Yes,0.584,Medium Risk
3518-PZXZQ,No,Yes,0.5838,Medium Risk
4351-QLCSU,Yes,Yes,0.5838,Medium Risk
6260-ONULR,No,Yes,0.5838,Medium Risk
7801-KICAO,No,Yes,0.5835,Medium Risk
9903-LYSAB,No,Yes,0.5835,Medium Risk
6212-ATMLK,No,Yes,0.5834,Medium Risk
2187-PKZAY,No,Yes,0.5834,Medium Risk
3627-FHKBK,Yes,Yes,0.5834,Medium Risk
7198-GLXTC,Yes,Yes,0.5829,Medium Risk
7206-PQBBZ,No,Yes,0.5828,Medium Risk
2398-YPMUR,Yes,Yes,0.5828,Medium Risk
4441-NIHPT,Yes,Yes,0.5828,Medium Risk
7359-PTSXY,Yes,Yes,0.5822,Medium Risk
1612-EOHDH,Yes,Yes,0.5822,Medium Risk
6876-ADESB,Yes,Yes,0.5822,Medium Risk
1963-SVUCV,Yes,Yes,0.5822,Medium Risk
3891-PUQOD,Yes,Yes,0.5822,Medium Risk
7825-GKXMW,Yes,Yes,0.5822,Medium Risk
5552-ZNFSJ,Yes,Yes,0.5822,Medium Risk
6496-JDSSB,No,Yes,0.5819,Medium Risk
2344-JMOGN,Yes,Yes,0.5818,Medium Risk
3223-WZWJM,Yes,Yes,0.581,Medium Risk
2079-FBMZK,Yes,Yes,0.5809,Medium Risk
7029-RPUAV,Yes,Yes,0.5802,Medium Risk
8634-MPHTR,Yes,Yes,0.5794,Medium Risk
8854-CCVSQ,Yes,Yes,0.5794,Medium Risk
9506-UXUSK,No,Yes,0.5791,Medium Risk
9851-KIELU,Yes,Yes,0.579,Medium Risk
0432-CAJZV,No,Yes,0.5784,Medium Risk
5868-CZJDR,Yes,Yes,0.5779,Medium Risk
6595-YGXIT,Yes,Yes,0.5778,Medium Risk
2933-FILNV,Yes,Yes,0.5777,Medium Risk
6833-JMZYP,No,Yes,0.5772,Medium Risk
8429-XIBUM,Yes,Yes,0.5771,Medium Risk
4423-YLHDV,Yes,Yes,0.5771,Medium Risk
3223-DWFIO,No,Yes,0.5765,Medium Risk
6705-LXORM,No,Yes,0.5765,Medium Risk
4854-CIDCF,No,Yes,0.5765,Medium Risk
3744-ZRRDZ,Yes,Yes,0.5764,Medium Risk
3926-CUQZX,Yes,Yes,0.5761,Medium Risk
3165-HDOEW,Yes,Yes,0.5761,Medium Risk
7065-YUNRY,Yes,Yes,0.5761,Medium Risk
0887-HJGAR,Yes,Yes,0.5761,Medium Risk
6629-CZTTH,Yes,Yes,0.5761,Medium Risk
5133-POWUA,No,Yes,0.5761,Medium Risk
5692-FPTAH,Yes,Yes,0.5761,Medium Risk
2275-RBYQS,No,Yes,0.5761,Medium Risk
3566-HJGPK,No,Yes,0.5761,Medium Risk
1660-HSOOQ,Yes,Yes,0.5761,Medium Risk
4237-RLAQD,Yes,Yes,0.5761,Medium Risk
8280-MQRQN,Yes,Yes,0.5761,Medium Risk
5696-QURRL,Yes,Yes,0.5761,Medium Risk
9117-SHLZX,Yes,Yes,0.5761,Medium Risk
4074-SJFFA,Yes,Yes,0.5761,Medium Risk
3318-OSATS,Yes,Yes,0.576,Medium Risk
3644-QXEHN,No,Yes,0.5757,Medium Risk
8183-ONMXC,Yes,Yes,0.5752,Medium Risk
5655-JSMZM,Yes,Yes,0.5751,Medium Risk
4536-PLEQY,No,Yes,0.5747,Medium Risk
7703-ZEKEF,Yes,Yes,0.5746,Medium Risk
1751-NCDLI,No,Yes,0.5746,Medium Risk
6689-TCZHQ,Yes,Yes,0.5742,Medium Risk
5628-FCGYG,No,Yes,0.574,Medium Risk
9367-WXLCH,Yes,Yes,0.5738,Medium Risk
2495-INZWQ,Yes,Yes,0.5737,Medium Risk
9625-QSTYE,Yes,Yes,0.5736,Medium Risk
5364-EVNIB,Yes,Yes,0.5736,Medium Risk
6376-GAHQE,Yes,Yes,0.5736,Medium Risk
5931-FLJJF,Yes,Yes,0.5735,Medium Risk
5609-CEBID,Yes,Yes,0.5729,Medium Risk
3538-WZPHD,Yes,Yes,0.5729,Medium Risk
8868-WOZGU,Yes,Yes,0.5727,Medium Risk
9494-MRNYX,No,Yes,0.5723,Medium Risk
7774-OJSXI,Yes,Yes,0.5723,Medium Risk
0396-YCHWO,No,Yes,0.5722,Medium Risk
6993-OHLXR,Yes,Yes,0.5718,Medium Risk
1845-ZLLIG,No,Yes,0.5715,Medium Risk
1891-UAWWU,Yes,Yes,0.5714,Medium Risk
8063-GBATB,Yes,Yes,0.5712,Medium Risk
8519-IMDHU,Yes,Yes,0.5711,Medium Risk
9763-PDTKK,Yes,Yes,0.5702,Medium Risk
8739-WWKDU,Yes,Yes,0.5695,Medium Risk
5989-PGKJB,No,Yes,0.5695,Medium Risk
8337-MSSXB,Yes,Yes,0.5695,Medium Risk
4971-PUYQO,Yes,Yes,0.5694,Medium Risk
7480-QNVZJ,Yes,Yes,0.5692,Medium Risk
3427-GGZZI,No,Yes,0.5691,Medium Risk
9692-TUSXH,Yes,Yes,0.5685,Medium Risk
3966-HRMZA,No,Yes,0.5679,Medium Risk
5940-NFXKV,Yes,Yes,0.5676,Medium Risk
1766-GKNMI,No,Yes,0.5674,Medium Risk
1428-GTBJJ,Yes,Yes,0.5666,Medium Risk
5652-MSDEY,No,Yes,0.5664,Medium Risk
5879-SESNB,No,Yes,0.5661,Medium Risk
8650-RHRKE,Yes,Yes,0.5659,Medium Risk
5729-KLZAR,Yes,Yes,0.5658,Medium Risk
8637-XJIVR,Yes,Yes,0.5657,Medium Risk
3565-UNOCC,Yes,Yes,0.5653,Medium Risk
6048-QBXKL,No,Yes,0.5648,Medium Risk
4009-ALQFH,Yes,Yes,0.5647,Medium Risk
4236-UJPWO,No,Yes,0.5647,Medium Risk
9415-DPEWS,Yes,Yes,0.5645,Medium Risk
9093-FPDLG,No,Yes,0.5632,Medium Risk
6680-WKXRZ,Yes,Yes,0.563,Medium Risk
7571-YXDAD,Yes,Yes,0.563,Medium Risk
8676-TRMJS,Yes,Yes,0.563,Medium Risk
6005-OBZPH,Yes,Yes,0.5621,Medium Risk
0491-KAPQG,No,Yes,0.5618,Medium Risk
5167-GBFRE,Yes,Yes,0.5617,Medium Risk
1112-CUNAO,Yes,Yes,0.561,Medium Risk
8276-MQBYC,Yes,Yes,0.5607,Medium Risk
0946-CLJTI,Yes,Yes,0.5605,Medium Risk
7729-JTEEC,No,Yes,0.5603,Medium Risk
9588-OZDMQ,No,Yes,0.5603,Medium Risk
6519-CFDBX,No,Yes,0.5603,Medium Risk
5044-LRQAQ,No,Yes,0.5596,Medium Risk
5605-IYGFG,No,Yes,0.5596,Medium Risk
0958-YHXGP,No,Yes,0.5596,Medium Risk
9191-MYQKX,Yes,Yes,0.5596,Medium Risk
3799-ISUZQ,Yes,Yes,0.5596,Medium Risk
9560-ARGQJ,Yes,Yes,0.5593,Medium Risk
7786-WBJYI,Yes,Yes,0.559,Medium Risk
6103-BOCOU,No,Yes,0.5589,Medium Risk
3671-SHRSP,Yes,Yes,0.5586,Medium Risk
2038-OEQZH,No,Yes,0.5585,Medium Risk
2754-XBHTB,Yes,Yes,0.5585,Medium Risk
5522-JBWMO,No,Yes,0.5575,Medium Risk
2903-YYTBW,No,Yes,0.5575,Medium Risk
1478-VPOAD,No,Yes,0.5575,Medium Risk
1942-OQFRW,No,Yes,0.5575,Medium Risk
2696-NARTR,Yes,Yes,0.5574,Medium Risk
9661-ACXBS,Yes,Yes,0.557,Medium Risk
5980-NOPLP,Yes,Yes,0.5564,Medium Risk
1254-IZEYF,Yes,Yes,0.5563,Medium Risk
2468-SJFLM,No,Yes,0.5562,Medium Risk
7278-CKDNC,No,Yes,0.5559,Medium Risk
9658-WYUFB,Yes,Yes,0.5552,Medium Risk
2506-CLAKW,Yes,Yes,0.5551,Medium Risk
3329-WDIOK,Yes,Yes,0.5543,Medium Risk
8063-RJYNF,Yes,Yes,0.5543,Medium Risk
8224-DWCKX,No,Yes,0.5543,Medium Risk
5747-PMBSQ,Yes,Yes,0.5536,Medium Risk
6543-XRMYR,Yes,Yes,0.5535,Medium Risk
5022-KVDQT,No,Yes,0.5535,Medium Risk
8128-YVJRG,Yes,Yes,0.5533,Medium Risk
7137-RYLPP,Yes,Yes,0.5532,Medium Risk
5442-BHQNG,No,Yes,0.553,Medium Risk
4629-NRXKX,Yes,Yes,0.553,Medium Risk
7538-GWHML,Yes,Yes,0.553,Medium Risk
4505-EXZHB,Yes,Yes,0.5521,Medium Risk
9796-BPKIW,No,Yes,0.5516,Medium Risk
4480-QQRHC,No,Yes,0.5516,Medium Risk
7379-FNIUJ,No,Yes,0.5515,Medium Risk
8950-MTZNV,No,Yes,0.5514,Medium Risk
3961-SXAXY,No,Yes,0.5514,Medium Risk
6595-COKXZ,Yes,Yes,0.5514,Medium Risk
6650-VJONK,No,Yes,0.5514,Medium Risk
0082-LDZUE,No,Yes,0.5514,Medium Risk
6142-VSJQO,Yes,Yes,0.5514,Medium Risk
7663-RGWBC,Yes,Yes,0.5514,Medium Risk
4847-QNOKA,Yes,Yes,0.5514,Medium Risk
8710-YGLWG,No,Yes,0.5514,Medium Risk
8180-AKMJV,No,Yes,0.5514,Medium Risk
9214-EKVXR,No,Yes,0.5514,Medium Risk
1268-ASBGA,Yes,Yes,0.551,Medium Risk
5216-WASFJ,No,Yes,0.551,Medium Risk
5934-RMPOV,No,Yes,0.5509,Medium Risk
1792-UXAFY,Yes,Yes,0.5508,Medium Risk
3914-FDRHP,No,Yes,0.5503,Medium Risk
9643-AVVWI,No,Yes,0.5499,Medium Risk
4817-VYYWS,Yes,Yes,0.5497,Medium Risk
4822-YCXMX,Yes,Yes,0.5496,Medium Risk
6661-HBGWL,Yes,Yes,0.5495,Medium Risk
0637-YLETY,Yes,Yes,0.5492,Medium Risk
6918-UMQCG,No,Yes,0.5491,Medium Risk
0480-BIXDE,No,Yes,0.5489,Medium Risk
7072-MBHEV,No,Yes,0.5486,Medium Risk
8922-LIEGH,Yes,Yes,0.5485,Medium Risk
8290-YWKHZ,Yes,Yes,0.5483,Medium Risk
7389-KBFIT,No,Yes,0.5472,Medium Risk
0524-IAVZO,Yes,Yes,0.5471,Medium Risk
3550-SAHFP,Yes,Yes,0.5471,Medium Risk
5339-PXDVH,No,Yes,0.5467,Medium Risk
0581-BXBUB,No,Yes,0.5466,Medium Risk
3951-NJCVI,No,Yes,0.5465,Medium Risk
9490-DFPMD,Yes,Yes,0.5465,Medium Risk
5019-GQVCR,No,Yes,0.5465,Medium Risk
3990-QYKBE,Yes,Yes,0.5465,Medium Risk
6298-QDFNH,Yes,Yes,0.5462,Medium Risk
5117-IFGPS,No,Yes,0.5462,Medium Risk
2371-JQHZZ,No,Yes,0.5461,Medium Risk
5480-TBGPH,Yes,Yes,0.5461,Medium Risk
6907-NZZIJ,Yes,Yes,0.5458,Medium Risk
8709-KRDVL,No,Yes,0.5458,Medium Risk
3211-AAPKX,No,Yes,0.5448,Medium Risk
2235-DWLJU,No,Yes,0.5448,Medium Risk
0434-CSFON,No,Yes,0.5447,Medium Risk
4686-UXDML,No,Yes,0.544,Medium Risk
4369-HTUIF,Yes,Yes,0.544,Medium Risk
3496-LFSZU,No,Yes,0.5436,Medium Risk
4919-MOAVT,Yes,Yes,0.5436,Medium Risk
0330-IVZHA,Yes,Yes,0.5436,Medium Risk
4763-PGDPO,Yes,Yes,0.5436,Medium Risk
5183-SNMJQ,No,Yes,0.5435,Medium Risk
7586-ZATGZ,No,Yes,0.5427,Medium Risk
3797-FKOGQ,No,Yes,0.5427,Medium Risk
6178-KFNHS,Yes,Yes,0.5425,Medium Risk
9121-PHQSR,No,Yes,0.5422,Medium Risk
7825-ECJRF,Yes,Yes,0.5421,Medium Risk
2665-NPTGL,No,Yes,0.5419,Medium Risk
9743-DQKQW,No,Yes,0.5415,Medium Risk
8993-PHFWD,Yes,Yes,0.5415,Medium Risk
2592-SEIFQ,Yes,Yes,0.5415,Medium Risk
2460-NGXBJ,No,Yes,0.5415,Medium Risk
4223-WOZCM,No,Yes,0.5413,Medium Risk
9912-GVSEQ,Yes,Yes,0.541,Medium Risk
5449-FIBXJ,Yes,Yes,0.5407,Medium Risk
8212-DJRCH,No,Yes,0.5405,Medium Risk
0027-KWYKW,No,Yes,0.5402,Medium Risk
7270-BDIOA,Yes,Yes,0.5401,Medium Risk
9601-BRXPO,Yes,Yes,0.5401,Medium Risk
4391-RESHN,Yes,Yes,0.5401,Medium Risk
8610-WFCJF,Yes,Yes,0.54,Medium Risk
3957-LXOLK,Yes,Yes,0.5399,Medium Risk
6651-AZVTJ,Yes,Yes,0.5395,Medium Risk
2889-FPWRM,Yes,Yes,0.5392,Medium Risk
4583-PARNH,No,Yes,0.5388,Medium Risk
3798-EPWRR,No,Yes,0.5384,Medium Risk
4671-LXRDQ,Yes,Yes,0.5376,Medium Risk
5365-LLFYV,No,Yes,0.5376,Medium Risk
3001-CBHLQ,Yes,Yes,0.5376,Medium Risk
9540-JYROE,Yes,Yes,0.5376,Medium Risk
3858-VOBET,Yes,Yes,0.5373,Medium Risk
2080-CAZNM,No,Yes,0.537,Medium Risk
2439-LYPMQ,No,Yes,0.537,Medium Risk
4521-YEEHE,No,Yes,0.537,Medium Risk
1264-BYWMS,Yes,Yes,0.5365,Medium Risk
0115-TFERT,Yes,Yes,0.5364,Medium Risk
5701-YVSVF,No,Yes,0.5361,Medium Risk
9279-CJEOJ,No,Yes,0.536,Medium Risk
0225-ZORZP,No,Yes,0.5357,Medium Risk
2082-OJVTK,Yes,Yes,0.5357,Medium Risk
3050-GBUSH,No,Yes,0.5353,Medium Risk
6338-AVWCY,Yes,Yes,0.5353,Medium Risk
3005-NFMTA,Yes,Yes,0.5353,Medium Risk
8981-FJGLA,No,Yes,0.5346,Medium Risk
3070-DVEYC,Yes,Yes,0.5344,Medium Risk
5600-KTXFM,No,Yes,0.5342,Medium Risk
6166-ILMNY,Yes,Yes,0.5342,Medium Risk
3717-OEAUQ,No,Yes,0.5342,Medium Risk
4512-ZUIYL,Yes,Yes,0.5342,Medium Risk
5028-GZLDO,Yes,Yes,0.5342,Medium Risk
4659-NZRUF,Yes,Yes,0.5341,Medium Risk
2832-KJCRD,No,Yes,0.5337,Medium Risk
6518-LGAOV,Yes,Yes,0.5337,Medium Risk
9239-ZBZZV,Yes,Yes,0.5335,Medium Risk
7240-FQLHE,Yes,Yes,0.5332,Medium Risk
5380-WJKOV,Yes,Yes,0.5331,Medium Risk
4289-DTDKW,Yes,Yes,0.5331,Medium Risk
5219-YIPTK,Yes,Yes,0.5331,Medium Risk
9801-GDWGV,Yes,Yes,0.5331,Medium Risk
2302-ANTDP,Yes,Yes,0.533,Medium Risk
2249-YPRNG,Yes,Yes,0.5326,Medium Risk
6907-FLBER,No,Yes,0.5324,Medium Risk
2824-MYYBN,No,Yes,0.5322,Medium Risk
1771-OADNZ,Yes,Yes,0.5321,Medium Risk
8436-BJUMM,Yes,Yes,0.5318,Medium Risk
0886-QGENL,Yes,Yes,0.5317,Medium Risk
1902-XBTFB,Yes,Yes,0.5311,Medium Risk
6204-IEUXJ,Yes,Yes,0.5304,Medium Risk
1028-FFNJK,No,Yes,0.5301,Medium Risk
1471-GIQKQ,No,Yes,0.5299,Medium Risk
6689-KXGBO,Yes,Yes,0.5299,Medium Risk
4065-JJAVA,No,Yes,0.5299,Medium Risk
2207-NHRJK,Yes,Yes,0.5299,Medium Risk
5091-HFAZW,No,Yes,0.5298,Medium Risk
4030-VPZBD,Yes,Yes,0.5291,Medium Risk
5244-IRFIH,Yes,Yes,0.529,Medium Risk
2232-DMLXU,Yes,Yes,0.5284,Medium Risk
9524-EGPJC,Yes,Yes,0.528,Medium Risk
7603-USHJS,Yes,Yes,0.5274,Medium Risk
3524-WQDSG,No,Yes,0.5263,Medium Risk
4741-WWJQZ,No,Yes,0.5263,Medium Risk
0147-ESWWR,No,Yes,0.5262,Medium Risk
9606-PBKBQ,Yes,Yes,0.5257,Medium Risk
3640-PHQXK,Yes,Yes,0.5257,Medium Risk
4631-OACRM,Yes,Yes,0.525,Medium Risk
5569-OUICF,Yes,Yes,0.5247,Medium Risk
9389-ACWBI,No,Yes,0.5246,Medium Risk
2103-ZRXFN,No,Yes,0.524,Medium Risk
6242-MBHPK,No,Yes,0.5235,Medium Risk
4803-AXVYP,Yes,Yes,0.5234,Medium Risk
6645-MXQJT,No,Yes,0.5232,Medium Risk
4077-CROMM,Yes,Yes,0.5232,Medium Risk
2080-GKCWQ,No,Yes,0.5228,Medium Risk
3753-TSEMP,Yes,Yes,0.5228,Medium Risk
2626-URJFX,Yes,Yes,0.5226,Medium Risk
4373-MAVJG,Yes,Yes,0.522,Medium Risk
1251-KRREG,Yes,Yes,0.5217,Medium Risk
2359-KMGLI,Yes,Yes,0.5215,Medium Risk
4816-LXZYW,Yes,Yes,0.5215,Medium Risk
3317-VLGQT,No,Yes,0.5211,Medium Risk
4902-OHLSK,Yes,Yes,0.521,Medium Risk
4128-ETESU,No,Yes,0.5208,Medium Risk
5899-MQZZL,Yes,Yes,0.5208,Medium Risk
7252-NTGSS,No,Yes,0.5205,Medium Risk
2833-SLKDQ,Yes,Yes,0.5205,Medium Risk
9244-ZVAPM,No,Yes,0.5205,Medium Risk
4727-MCYZG,No,Yes,0.5205,Medium Risk
6582-OIVSP,No,Yes,0.5205,Medium Risk
3946-MHCZW,Yes,Yes,0.5205,Medium Risk
3669-OYSJI,Yes,Yes,0.5205,Medium Risk
7054-LGEQW,Yes,Yes,0.5205,Medium Risk
7250-EQKIY,Yes,Yes,0.5205,Medium Risk
5103-MHMHY,Yes,Yes,0.5205,Medium Risk
7593-XFKDI,Yes,Yes,0.5205,Medium Risk
7754-IXRMC,No,Yes,0.5205,Medium Risk
9773-PEQBZ,No,Yes,0.5203,Medium Risk
0771-WLCLA,No,Yes,0.5202,Medium Risk
6267-DCFFZ,No,Yes,0.5197,Medium Risk
5692-ICXLW,No,Yes,0.5197,Medium Risk
5914-DVBWJ,Yes,Yes,0.5196,Medium Risk
7748-UMTRK,No,Yes,0.5196,Medium Risk
2107-FBPTK,No,Yes,0.5194,Medium Risk
0447-RXSGD,No,Yes,0.5193,Medium Risk
6158-HDPXZ,No,Yes,0.5191,Medium Risk
3751-KTZEL,Yes,Yes,0.5191,Medium Risk
9895-VFOXH,No,Yes,0.5191,Medium Risk
8260-NGFNY,Yes,Yes,0.5191,Medium Risk
3439-GVUSX,No,Yes,0.5191,Medium Risk
2209-XADXF,No,Yes,0.5191,Medium Risk
6366-ZGQGL,Yes,Yes,0.5191,Medium Risk
0112-QAWRZ,No,Yes,0.519,Medium Risk
7534-BFESC,Yes,Yes,0.5189,Medium Risk
0576-WNXXC,Yes,Yes,0.5189,Medium Risk
5650-VDUDS,Yes,Yes,0.5186,Medium Risk
4412-YLTKF,Yes,Yes,0.5185,Medium Risk
7714-YXSMB,No,Yes,0.5174,Medium Risk
3130-ICDUP,No,Yes,0.5173,Medium Risk
5442-XSDCW,Yes,Yes,0.5173,Medium Risk
6402-ZFPPI,Yes,Yes,0.5171,Medium Risk
4208-UFFGW,Yes,Yes,0.5162,Medium Risk
4184-TJFAN,Yes,Yes,0.5156,Medium Risk
1262-OPMFY,Yes,Yes,0.5153,Medium Risk
3097-NNSPB,Yes,Yes,0.5152,Medium Risk
9992-UJOEL,No,Yes,0.5152,Medium Risk
9885-AIBVB,No,Yes,0.515,Medium Risk
8182-BJDSI,Yes,Yes,0.515,Medium Risk
5144-TVGLP,No,Yes,0.5136,Medium Risk
3374-LXDEV,Yes,Yes,0.5135,Medium Risk
4124-MMETB,Yes,Yes,0.5134,Medium Risk
0265-EDXBD,Yes,Yes,0.5133,Medium Risk
7841-TZDMQ,Yes,Yes,0.5126,Medium Risk
5968-VXZLG,No,Yes,0.5126,Medium Risk
3278-FSIXX,No,Yes,0.5126,Medium Risk
4959-JOSRX,Yes,Yes,0.5126,Medium Risk
6319-IEJWJ,Yes,Yes,0.5123,Medium Risk
0354-WYROK,Yes,Yes,0.5121,Medium Risk
3934-HXCFZ,Yes,Yes,0.5115,Medium Risk
6923-JHPMP,No,Yes,0.5109,Medium Risk
3588-WSTTJ,No,Yes,0.5103,Medium Risk
7240-ETPTR,Yes,Yes,0.5102,Medium Risk
7511-YMXVQ,Yes,Yes,0.5102,Medium Risk
3365-SAIGS,No,Yes,0.5101,Medium Risk
6712-OAWRH,Yes,Yes,0.5097,Medium Risk
9821-POOTN,Yes,Yes,0.5094,Medium Risk
5130-IEKQT,Yes,Yes,0.5093,Medium Risk
3317-HRTNN,Yes,Yes,0.509,Medium Risk
7181-OQCUT,No,Yes,0.5088,Medium Risk
0848-ZGQIJ,No,Yes,0.5084,Medium Risk
9129-UXERG,No,Yes,0.5083,Medium Risk
9283-LZQOH,Yes,Yes,0.5079,Medium Risk
8784-CGILN,Yes,Yes,0.5078,Medium Risk
2408-WITXK,Yes,Yes,0.5076,Medium Risk
5233-GEEAX,Yes,Yes,0.5076,Medium Risk
1658-TJVOA,No,Yes,0.5076,Medium Risk
5233-AOZUF,No,Yes,0.5075,Medium Risk
8364-TRMMK,Yes,Yes,0.5072,Medium Risk
2538-OIMXF,No,Yes,0.5061,Medium Risk
5351-QESIO,No,Yes,0.5061,Medium Risk
7901-TBKJX,No,Yes,0.5061,Medium Risk
1226-IENZN,No,Yes,0.5059,Medium Risk
9172-JITSM,Yes,Yes,0.5059,Medium Risk
5960-MVTUK,No,Yes,0.5057,Medium Risk
9572-WUKSB,No,Yes,0.5057,Medium Risk
5271-DBYSJ,No,Yes,0.5054,Medium Risk
2636-OHFMN,Yes,Yes,0.5053,Medium Risk
9947-OTFQU,Yes,Yes,0.5051,Medium Risk
0988-JRWWP,No,Yes,0.5047,Medium Risk
6900-PXRMS,Yes,Yes,0.5047,Medium Risk
8017-LXHFA,Yes,Yes,0.5044,Medium Risk
2325-NBPZG,No,Yes,0.5037,Medium Risk
0388-EOPEX,Yes,Yes,0.5037,Medium Risk
2694-CIUMO,No,Yes,0.5034,Medium Risk
4039-HEUNW,Yes,Yes,0.5029,Medium Risk
9420-LOJKX,Yes,Yes,0.5029,Medium Risk
9465-RWMXL,Yes,Yes,0.5025,Medium Risk
4612-SSVHJ,No,Yes,0.5022,Medium Risk
4154-AQUGT,Yes,Yes,0.5019,Medium Risk
5650-YLIBA,No,Yes,0.5019,Medium Risk
9714-EDSUC,No,Yes,0.5019,Medium Risk
9824-BEMCV,Yes,Yes,0.5017,Medium Risk
3884-HCSWG,Yes,Yes,0.5017,Medium Risk
6198-RTPMF,No,Yes,0.5015,Medium Risk
4325-NFSKC,Yes,Yes,0.5011,Medium Risk
6559-PDZLR,No,Yes,0.5003,Medium Risk
0529-ONKER,Yes,Yes,0.5002,Medium Risk
7734-DBOAI,Yes,No,0.5,Medium Risk
1641-RQDAY,No,No,0.4999,Medium Risk
7056-IMHCC,Yes,No,0.4992,Medium Risk
6646-VRFOL,Yes,No,0.4992,Medium Risk
9961-JBNMK,Yes,No,0.499,Medium Risk
1636-NTNCO,No,No,0.4988,Medium Risk
7159-FVYPK,No,No,0.4982,Medium Risk
6905-NIQIN,Yes,No,0.4982,Medium Risk
9398-MMQTO,No,No,0.498,Medium Risk
2969-QWUBZ,No,No,0.498,Medium Risk
4183-MYFRB,No,No,0.4973,Medium Risk
0207-MDKNV,Yes,No,0.4968,Medium Risk
7587-RZNME,Yes,No,0.4968,Medium Risk
8878-HMWBV,Yes,No,0.4968,Medium Risk
1589-AGTLK,Yes,No,0.4968,Medium Risk
4484-CGXFK,Yes,No,0.4968,Medium Risk
5896-NPFWW,Yes,No,0.4968,Medium Risk
6317-YPKDH,Yes,No,0.4967,Medium Risk
2840-XANRC,Yes,No,0.4967,Medium Risk
6507-ZJSUR,No,No,0.4967,Medium Risk
1104-TNLZA,No,No,0.4966,Medium Risk
4587-NUKOX,Yes,No,0.4965,Medium Risk
5760-FXFVO,No,No,0.4965,Medium Risk
1335-NTIUC,No,No,0.4963,Medium Risk
5022-JNQEQ,No,No,0.4962,Medium Risk
4013-TLDHQ,Yes,No,0.4962,Medium Risk
3597-MVHJT,No,No,0.4961,Medium Risk
0899-LIIBW,No,No,0.4958,Medium Risk
6982-SSHFK,Yes,No,0.4953,Medium Risk
4146-SVFUD,No,No,0.4953,Medium Risk
1895-QTKDO,No,No,0.4953,Medium Risk
0415-MOSGF,Yes,No,0.4953,Medium Risk
2672-OJQZP,No,No,0.4953,Medium Risk
3085-QUOZK,Yes,No,0.4953,Medium Risk
6145-NNPNO,No,No,0.4953,Medium Risk
5858-EAFCZ,No,No,0.4953,Medium Risk
9448-REEVD,Yes,No,0.4953,Medium Risk
4062-HBMOS,No,No,0.4953,Medium Risk
3384-CTMSF,No,No,0.4953,Medium Risk
5215-LNLDJ,No,No,0.4951,Medium Risk
0315-LVCRK,No,No,0.495,Medium Risk
3627-FCRDW,Yes,No,0.4942,Medium Risk
8990-ZXLSU,No,No,0.4942,Medium Risk
9208-OLGAQ,No,No,0.4937,Medium Risk
4398-HSCJH,Yes,No,0.4935,Medium Risk
8778-LMWTJ,No,No,0.493,Medium Risk
3235-ETOOB,Yes,No,0.493,Medium Risk
0947-MUGVO,Yes,No,0.4929,Medium Risk
0650-BWOZN,No,No,0.4929,Medium Risk
0439-IFYUN,No,No,0.4929,Medium Risk
4873-ILOLJ,Yes,No,0.4928,Medium Risk
2311-QYMUQ,Yes,No,0.4927,Medium Risk
1777-JYQPJ,No,No,0.4926,Medium Risk
2786-GCDPI,No,No,0.4916,Medium Risk
8818-DOPVL,No,No,0.491,Medium Risk
8696-JKZNU,Yes,No,0.491,Medium Risk
8695-ARGXZ,No,No,0.491,Medium Risk
4846-WHAFZ,Yes,No,0.491,Medium Risk
8665-UTDHZ,Yes,No,0.4909,Medium Risk
2091-RFFBA,Yes,No,0.4908,Medium Risk
7410-YTJIK,Yes,No,0.4908,Medium Risk
8378-LKJAF,No,No,0.4902,Medium Risk
7318-EIVKO,No,No,0.49,Medium Risk
5515-AKOAJ,Yes,No,0.4891,Medium Risk
1212-GLHMD,No,No,0.4889,Medium Risk
3768-NLUBH,Yes,No,0.4887,Medium Risk
6778-YSNIH,No,No,0.4886,Medium Risk
9940-HPQPG,Yes,No,0.4884,Medium Risk
8802-UNOJF,Yes,No,0.4884,Medium Risk
8648-PFRMP,No,No,0.4884,Medium Risk
6413-XKKPU,Yes,No,0.4878,Medium Risk
2038-LLMLM,No,No,0.4878,Medium Risk
5857-TYBCJ,No,No,0.4877,Medium Risk
0376-YMCJC,Yes,No,0.4876,Medium Risk
0818-OCPZO,Yes,No,0.4873,Medium Risk
8393-DLHGA,Yes,No,0.4872,Medium Risk
4484-GLZOU,Yes,No,0.4871,Medium Risk
8938-UMKPI,Yes,No,0.4871,Medium Risk
5630-IXDXV,No,No,0.4871,Medium Risk
0320-JDNQG,Yes,No,0.487,Medium Risk
7599-FKVXZ,Yes,No,0.4868,Medium Risk
4137-BTIKL,No,No,0.4868,Medium Risk
3398-ZOUAA,Yes,No,0.4866,Medium Risk
0378-NHQXU,Yes,No,0.486,Medium Risk
5599-HVLTW,No,No,0.4849,Medium Risk
2719-BDAQO,Yes,No,0.4843,Medium Risk
8012-SOUDQ,No,No,0.4836,Medium Risk
4690-PKDQG,No,No,0.4836,Medium Risk
3002-WQZWT,No,No,0.4835,Medium Risk
2916-BQZLN,No,No,0.4833,Medium Risk
2792-LSHWX,No,No,0.4832,Medium Risk
9058-MJLZC,No,No,0.483,Medium Risk
1769-GRUIK,No,No,0.4827,Medium Risk
7855-DIWPO,No,No,0.4827,Medium Risk
9432-VOFYX,No,No,0.4827,Medium Risk
8630-FJLIB,No,No,0.4827,Medium Risk
4704-ERYFC,Yes,No,0.4827,Medium Risk
6017-PPLPX,Yes,No,0.4827,Medium Risk
1624-WOIWJ,Yes,No,0.4823,Medium Risk
0674-DGMAQ,No,No,0.4818,Medium Risk
4553-DVPZG,No,No,0.4816,Medium Risk
5108-ADXWO,Yes,No,0.4815,Medium Risk
3536-IQCTX,Yes,No,0.4811,Medium Risk
3269-ATYWD,Yes,No,0.4799,Medium Risk
9053-EJUNL,No,No,0.4797,Medium Risk
7279-BUYWN,Yes,No,0.4797,Medium Risk
4818-QIUFN,Yes,No,0.4787,Medium Risk
9168-INPSZ,No,No,0.4787,Medium Risk
4998-IKFSE,No,No,0.4782,Medium Risk
1307-ATKGB,No,No,0.4778,Medium Risk
2656-FMOKZ,Yes,No,0.4777,Medium Risk
5908-QMGOE,Yes,No,0.4777,Medium Risk
3669-LVWZB,Yes,No,0.4773,Medium Risk
7284-BUYEC,No,No,0.4773,Medium Risk
2041-JIJCI,No,No,0.4771,Medium Risk
5759-RCVCB,Yes,No,0.4771,Medium Risk
6030-REHUX,No,No,0.4771,Medium Risk
8008-HAWED,Yes,No,0.477,Medium Risk
2504-DSHIH,No,No,0.4766,Medium Risk
2692-BUCFV,No,No,0.4764,Medium Risk
1391-UBDAR,No,No,0.4762,Medium Risk
2501-XWWTZ,No,No,0.4762,Medium Risk
3346-BRMIS,Yes,No,0.4762,Medium Risk
6034-YMTOB,No,No,0.4758,Medium Risk
0322-CHQRU,Yes,No,0.4757,Medium Risk
4537-DKTAL,No,No,0.4757,Medium Risk
2372-HWUHI,Yes,No,0.4757,Medium Risk
1728-BQDMA,No,No,0.4757,Medium Risk
6088-BXMRG,No,No,0.4756,Medium Risk
5666-CYCYZ,No,No,0.4747,Medium Risk
5129-JLPIS,No,No,0.4742,Medium Risk
7018-WBJNK,No,No,0.4739,Medium Risk
0620-DLSLK,No,No,0.4739,Medium Risk
9620-ENEJV,No,No,0.4738,Medium Risk
9779-DPNEJ,No,No,0.473,Medium Risk
1965-DDBWU,Yes,No,0.4727,Medium Risk
3481-JHUZH,No,No,0.4725,Medium Risk
8059-UDZFY,No,No,0.4715,Medium Risk
6032-KRXXO,Yes,No,0.4714,Medium Risk
8819-IMISP,No,No,0.4713,Medium Risk
0570-BFQHT,No,No,0.471,Medium Risk
1236-WFCDV,Yes,No,0.471,Medium Risk
6467-CHFZW,Yes,No,0.4709,Medium Risk
7562-GSUHK,Yes,No,0.4709,Medium Risk
0067-DKWBL,Yes,No,0.4708,Medium Risk
2528-HFYZX,Yes,No,0.4706,Medium Risk
4647-MUZON,No,No,0.4703,Medium Risk
9637-EIHEQ,Yes,No,0.4702,Medium Risk
3716-UVSPD,No,No,0.4702,Medium Risk
4678-DVQEO,Yes,No,0.4702,Medium Risk
1536-HBSWP,No,No,0.4702,Medium Risk
3197-ARFOY,No,No,0.47,Medium Risk
3714-NTNFO,No,No,0.4696,Medium Risk
0895-DQHEW,Yes,No,0.4692,Medium Risk
6542-LWGXJ,No,No,0.4692,Medium Risk
8621-MNIHH,Yes,No,0.469,Medium Risk
7410-OIEDU,No,No,0.4685,Medium Risk
6080-TCMYC,No,No,0.4679,Medium Risk
9492-TOKRI,Yes,No,0.4678,Medium Risk
2474-BRUCM,Yes,No,0.4676,Medium Risk
0324-BRPCJ,Yes,No,0.4674,Medium Risk
5998-VVEJY,Yes,No,0.4672,Medium Risk
6311-UEUME,Yes,No,0.4666,Medium Risk
2739-CACDQ,No,No,0.4665,Medium Risk
3312-ZWLGF,No,No,0.4656,Medium Risk
3096-JRDSO,Yes,No,0.4655,Medium Risk
5141-ZUVBH,No,No,0.4652,Medium Risk
1989-PRJHP,Yes,No,0.4651,Medium Risk
5204-QZXPU,Yes,No,0.4649,Medium Risk
2582-FFFZR,No,No,0.4649,Medium Risk
5087-SUURX,Yes,No,0.4649,Medium Risk
8486-AYEQH,No,No,0.4646,Medium Risk
5226-NOZFC,No,No,0.4644,Medium Risk
4547-LYTDD,Yes,No,0.4637,Medium Risk
1343-EHPYB,Yes,No,0.4635,Medium Risk
7233-DRTRF,No,No,0.4635,Medium Risk
4446-BZKHU,Yes,No,0.4635,Medium Risk
0093-XWZFY,Yes,No,0.4634,Medium Risk
3352-ALMCK,No,No,0.4634,Medium Risk
1226-UDFZR,Yes,No,0.4633,Medium Risk
8066-POXGX,Yes,No,0.4632,Medium Risk
6834-NXDCA,Yes,No,0.4632,Medium Risk
4550-VBOFE,Yes,No,0.4628,Medium Risk
9090-SGQXL,Yes,No,0.4628,Medium Risk
2519-FAKOD,Yes,No,0.4628,Medium Risk
1319-YLZJG,No,No,0.4628,Medium Risk
0727-BMPLR,Yes,No,0.4625,Medium Risk
9600-UDOPK,Yes,No,0.4623,Medium Risk
0133-BMFZO,Yes,No,0.4622,Medium Risk
2507-QZPQS,No,No,0.4619,Medium Risk
1730-ZMAME,No,No,0.4615,Medium Risk
0265-PSUAE,No,No,0.4612,Medium Risk
2189-WWOEW,Yes,No,0.4611,Medium Risk
7675-OZCZG,Yes,No,0.461,Medium Risk
6551-GNYDG,No,No,0.4606,Medium Risk
1092-GANHU,Yes,No,0.4604,Medium Risk
5385-SUIRI,Yes,No,0.4597,Medium Risk
7852-LECYP,No,No,0.4588,Medium Risk
0634-SZPQA,Yes,No,0.4585,Medium Risk
8601-QACRS,Yes,No,0.4581,Medium Risk
8654-DHAOW,No,No,0.4575,Medium Risk
9133-AYJZG,No,No,0.4574,Medium Risk
0654-HMSHN,Yes,No,0.4571,Medium Risk
0093-EXYQL,No,No,0.4571,Medium Risk
9269-CQOOL,Yes,No,0.4568,Medium Risk
3336-JORSO,Yes,No,0.4567,Medium Risk
3748-FVMZZ,No,No,0.4566,Medium Risk
9190-MFJLN,Yes,No,0.4562,Medium Risk
7020-OZKXZ,No,No,0.456,Medium Risk
3658-KIBGF,Yes,No,0.4558,Medium Risk
7752-XUSCI,Yes,No,0.4554,Medium Risk
1469-LBJQJ,No,No,0.4554,Medium Risk
6377-WHAOX,No,No,0.4554,Medium Risk
2603-HVKCG,No,No,0.4552,Medium Risk
5099-BAILX,Yes,No,0.4552,Medium Risk
4546-FOKWR,No,No,0.4552,Medium Risk
3088-LHEFH,No,No,0.4549,Medium Risk
1013-QCWAM,No,No,0.4547,Medium Risk
2277-DJJDL,No,No,0.454,Medium Risk
2860-RANUS,Yes,No,0.4535,Medium Risk
6637-KYRCV,No,No,0.4534,Medium Risk
4658-HCOHW,Yes,No,0.4531,Medium Risk
7562-UXTPG,No,No,0.4529,Medium Risk
0817-HSUSE,No,No,0.4529,Medium Risk
2697-NQBPF,No,No,0.4528,Medium Risk
3703-KBKZP,No,No,0.4524,Medium Risk
8993-IZEUX,No,No,0.4522,Medium Risk
0927-LCSMG,Yes,No,0.4522,Medium Risk
3370-GQEAL,No,No,0.4512,Medium Risk
5590-YRFJT,Yes,No,0.4511,Medium Risk
2675-DHUTR,No,No,0.4509,Medium Risk
0397-GZBBC,Yes,No,0.4502,Medium Risk
2320-JRSDE,Yes,No,0.4495,Medium Risk
9927-DSWDF,No,No,0.4495,Medium Risk
8837-VVWLQ,Yes,No,0.4491,Medium Risk
2637-FKFSY,No,No,0.4489,Medium Risk
2672-TGEFF,No,No,0.4488,Medium Risk
7483-IQWIB,No,No,0.4488,Medium Risk
6583-QGCSI,Yes,No,0.4484,Medium Risk
4716-HHKQH,No,No,0.4482,Medium Risk
7508-SMHXL,No,No,0.4473,Medium Risk
1384-RCUXW,No,No,0.447,Medium Risk
3208-YPIOE,Yes,No,0.4469,Medium Risk
6715-OFDBP,Yes,No,0.4462,Medium Risk
5543-QDCRY,No,No,0.4462,Medium Risk
1932-UEDCX,No,No,0.446,Medium Risk
4503-BDXBD,Yes,No,0.446,Medium Risk
8903-WMRNW,No,No,0.446,Medium Risk
5153-RTHKF,No,No,0.4453,Medium Risk
7924-GJZFI,No,No,0.4452,Medium Risk
5606-AMZBO,No,No,0.4452,Medium Risk
5119-KEPFY,No,No,0.4442,Medium Risk
6557-BZXLQ,No,No,0.4441,Medium Risk
4432-ADRLB,Yes,No,0.4435,Medium Risk
1501-SGHBW,Yes,No,0.4435,Medium Risk
2842-JTCCU,Yes,No,0.4435,Medium Risk
0430-IHCDJ,No,No,0.4431,Medium Risk
1101-SSWAG,No,No,0.4431,Medium Risk
8614-VGMMV,Yes,No,0.4431,Medium Risk
3500-RMZLT,Yes,No,0.443,Medium Risk
2640-PMGFL,Yes,No,0.443,Medium Risk
9355-NPPFS,No,No,0.4429,Medium Risk
2037-SGXHH,Yes,No,0.4428,Medium Risk
2114-MGINA,Yes,No,0.4426,Medium Risk
6906-ANDWJ,Yes,No,0.4424,Medium Risk
0475-RIJEP,Yes,No,0.4421,Medium Risk
8805-JNRAZ,No,No,0.442,Medium Risk
8058-DMYRU,No,No,0.442,Medium Risk
0921-OHLVP,No,No,0.442,Medium Risk
4947-DSMXK,No,No,0.4418,Medium Risk
8584-KMVXD,No,No,0.4417,Medium Risk
5889-JTMUL,Yes,No,0.4415,Medium Risk
4652-NNHNY,Yes,No,0.4414,Medium Risk
7978-DKUQH,No,No,0.4413,Medium Risk
5035-BVCXS,No,No,0.4413,Medium Risk
7422-WNBTY,No,No,0.4411,Medium Risk
7501-VTYLJ,No,No,0.4409,Medium Risk
6304-IJFSQ,Yes,No,0.4401,Medium Risk
8490-BXHEO,No,No,0.4399,Medium Risk
2378-VTKDH,No,No,0.4398,Medium Risk
0319-QZTCO,No,No,0.4395,Medium Risk
2347-WKKAE,No,No,0.4391,Medium Risk
5899-OUVKV,No,No,0.4391,Medium Risk
0637-UBJRP,Yes,No,0.4391,Medium Risk
5669-SRAIP,Yes,No,0.4386,Medium Risk
2831-EBWRN,No,No,0.4383,Medium Risk
6994-KERXL,No,No,0.4383,Medium Risk
7377-DMMRI,Yes,No,0.4379,Medium Risk
5498-TXHLF,Yes,No,0.4373,Medium Risk
3545-CNWRG,No,No,0.437,Medium Risk
3003-CMDUU,No,No,0.437,Medium Risk
9450-TRJUU,No,No,0.4366,Medium Risk
7579-OOPEC,Yes,No,0.4359,Medium Risk
7979-CORPM,Yes,No,0.4355,Medium Risk
5651-YLPRD,No,No,0.4352,Medium Risk
5895-QSXOD,No,No,0.4349,Medium Risk
7967-HYCDE,No,No,0.4349,Medium Risk
0531-ZZJWQ,No,No,0.4342,Medium Risk
8327-LZKAS,Yes,No,0.4342,Medium Risk
8714-EUHJO,Yes,No,0.4341,Medium Risk
9866-QEVEE,Yes,No,0.4341,Medium Risk
1597-LHYNC,Yes,No,0.4338,Medium Risk
6172-FECYY,Yes,No,0.4331,Medium Risk
3315-TOTBP,Yes,No,0.4331,Medium Risk
8167-GJLRN,No,No,0.4327,Medium Risk
1035-IPQPU,No,No,0.4318,Medium Risk
5647-FXOTP,No,No,0.4318,Medium Risk
8824-RWFXJ,Yes,No,0.4317,Medium Risk
0139-IVFJG,No,No,0.4316,Medium Risk
1310-QRITU,No,No,0.4311,Medium Risk
9050-QLROH,Yes,No,0.4311,Medium Risk
0221-WMXNQ,No,No,0.4307,Medium Risk
5482-VXSXJ,No,No,0.4307,Medium Risk
0402-CQAJN,Yes,No,0.4306,Medium Risk
3771-PZOBW,No,No,0.4297,Medium Risk
3853-LYGAM,No,No,0.4295,Medium Risk
0975-VOOVL,No,No,0.4295,Medium Risk
3082-VQXNH,No,No,0.4295,Medium Risk
9552-TGUZV,No,No,0.429,Medium Risk
8914-RBTSB,Yes,No,0.4289,Medium Risk
5948-UJZLF,No,No,0.4288,Medium Risk
6243-OZGFH,No,No,0.4287,Medium Risk
5982-FPVQN,No,No,0.4284,Medium Risk
3787-TRIAL,No,No,0.4279,Medium Risk
6240-EURKS,Yes,No,0.4279,Medium Risk
8785-CJSHH,No,No,0.4268,Medium Risk
8404-GFGCZ,No,No,0.4266,Medium Risk
4220-TINQT,No,No,0.4264,Medium Risk
5999-LCXAO,No,No,0.4264,Medium Risk
9526-BIHHD,Yes,No,0.4264,Medium Risk
0280-XJGEX,Yes,No,0.426,Medium Risk
7881-INRLC,Yes,No,0.426,Medium Risk
1833-TCXKK,No,No,0.426,Medium Risk
4828-FAZPK,No,No,0.4259,Medium Risk
0256-LTHVJ,Yes,No,0.4255,Medium Risk
2227-JRSJX,No,No,0.4254,Medium Risk
9518-XXBXE,No,No,0.4249,Medium Risk
6719-OXYBR,No,No,0.4246,Medium Risk
8535-SFUTN,No,No,0.4245,Medium Risk
2360-RDGRO,No,No,0.4245,Medium Risk
2604-IJPDU,No,No,0.4243,Medium Risk
8019-ENHXU,Yes,No,0.4243,Medium Risk
8305-VHZBZ,Yes,No,0.4243,Medium Risk
4661-NJEUX,No,No,0.4243,Medium Risk
5356-RHIPP,Yes,No,0.4243,Medium Risk
4897-QSUYC,Yes,No,0.4243,Medium Risk
2369-FEVNO,No,No,0.4243,Medium Risk
7839-QRKXN,Yes,No,0.4243,Medium Risk
4800-VHZKI,Yes,No,0.4243,Medium Risk
1000-AJSLD,Yes,No,0.4243,Medium Risk
1240-KNSEZ,Yes,No,0.4243,Medium Risk
6365-MTGZX,Yes,No,0.4242,Medium Risk
0611-DFXKO,Yes,No,0.424,Medium Risk
5439-WIKXB,No,No,0.4238,Medium Risk
1597-FZREH,Yes,No,0.4234,Medium Risk
2956-GGUCQ,Yes,No,0.4227,Medium Risk
2101-RANCD,No,No,0.4225,Medium Risk
3995-WFCSM,No,No,0.4223,Medium Risk
5649-RXQTV,No,No,0.4222,Medium Risk
4879-GZLFH,No,No,0.4219,Medium Risk
9661-MHUMO,Yes,No,0.4211,Medium Risk
5356-CSVSQ,No,No,0.4207,Medium Risk
6180-YBIQI,No,No,0.4207,Medium Risk
6877-LGWXO,Yes,No,0.4205,Medium Risk
2884-GBPFB,Yes,No,0.4204,Medium Risk
8647-SDTWQ,No,No,0.4201,Medium Risk
9971-ZWPBF,No,No,0.4201,Medium Risk
5485-WUYWF,Yes,No,0.4201,Medium Risk
5712-AHQNN,No,No,0.42,Medium Risk
1320-REHCS,No,No,0.4194,Medium Risk
2277-VWCNI,No,No,0.4194,Medium Risk
4662-EKDPQ,Yes,No,0.4191,Medium Risk
3312-UUMZW,No,No,0.419,Medium Risk
0407-BDJKB,Yes,No,0.4189,Medium Risk
5502-RLUYV,Yes,No,0.4189,Medium Risk
7207-RMRDB,Yes,No,0.4189,Medium Risk
7339-POGZN,No,No,0.4188,Medium Risk
0224-HJAPT,Yes,No,0.4188,Medium Risk
8189-XRIKE,No,No,0.4188,Medium Risk
9272-LSVYH,No,No,0.4187,Medium Risk
1452-KIOVK,No,No,0.4186,Medium Risk
9898-KZQDZ,Yes,No,0.4182,Medium Risk
6394-MFYNG,Yes,No,0.4181,Medium Risk
6078-VESFR,No,No,0.4179,Medium Risk
5453-AXEPF,No,No,0.4177,Medium Risk
4116-TZAQJ,Yes,No,0.4177,Medium Risk
1302-UHBDD,No,No,0.4176,Medium Risk
2606-RMDHZ,Yes,No,0.4169,Medium Risk
5055-MGMGF,No,No,0.4166,Medium Risk
6987-XQSJT,Yes,No,0.4164,Medium Risk
8800-ZKRFW,No,No,0.4163,Medium Risk
3174-RKMOW,No,No,0.4163,Medium Risk
9505-SQFSW,No,No,0.4157,Medium Risk
5156-UMKOW,No,No,0.4157,Medium Risk
8631-WUXGY,No,No,0.4157,Medium Risk
6599-RCLCJ,Yes,No,0.4156,Medium Risk
6235-VDHOM,Yes,No,0.4153,Medium Risk
7881-EVUAD,Yes,No,0.4152,Medium Risk
2027-CWDNU,No,No,0.415,Medium Risk
1754-GKYPY,No,No,0.4139,Medium Risk
1794-HBQTJ,Yes,No,0.4138,Medium Risk
7794-JASDG,No,No,0.4138,Medium Risk
0322-YINQP,Yes,No,0.4138,Medium Risk
6888-SBYAI,No,No,0.4138,Medium Risk
5207-PLSTK,No,No,0.4138,Medium Risk
8757-TFHHJ,No,No,0.4138,Medium Risk
7048-GXDAY,No,No,0.4131,Medium Risk
2955-BJZHG,Yes,No,0.4127,Medium Risk
2718-GAXQD,Yes,No,0.4126,Medium Risk
4471-KXAUH,Yes,No,0.4126,Medium Risk
9508-ILZDG,No,No,0.4119,Medium Risk
7312-XSBAT,No,No,0.4119,Medium Risk
0374-AACSZ,No,No,0.4119,Medium Risk
0682-USIXD,No,No,0.4117,Medium Risk
5916-QEWPT,No,No,0.4115,Medium Risk
3415-TAILE,Yes,No,0.4115,Medium Risk
7296-PIXQY,No,No,0.4114,Medium Risk
8519-QJGJD,Yes,No,0.4114,Medium Risk
6234-PFPXL,No,No,0.4112,Medium Risk
5016-IBERQ,No,No,0.4109,Medium Risk
0114-PEGZZ,No,No,0.4109,Medium Risk
3755-JBMNH,Yes,No,0.4106,Medium Risk
8563-OYMQY,No,No,0.4099,Medium Risk
5331-RGMTT,No,No,0.4099,Medium Risk
1580-BMCMR,No,No,0.4098,Medium Risk
1894-IGFSG,Yes,No,0.4097,Medium Risk
0141-YEAYS,No,No,0.4093,Medium Risk
3058-HJCUY,Yes,No,0.4093,Medium Risk
9108-EJFJP,No,No,0.4093,Medium Risk
5536-SLHPM,Yes,No,0.4089,Medium Risk
6022-UGGSO,Yes,No,0.4086,Medium Risk
2955-PSXOE,Yes,No,0.4085,Medium Risk
1493-AMTIE,Yes,No,0.4085,Medium Risk
7529-ZDFXI,No,No,0.4077,Medium Risk
7404-JLKQG,No,No,0.4072,Medium Risk
0533-BNWKF,Yes,No,0.407,Medium Risk
9667-TKTVZ,No,No,0.407,Medium Risk
2657-ALMWY,Yes,No,0.4068,Medium Risk
9445-SZLCH,Yes,No,0.4067,Medium Risk
1216-JWVUX,No,No,0.4056,Medium Risk
0581-MDMPW,No,No,0.4056,Medium Risk
3196-NVXLZ,No,No,0.4056,Medium Risk
8565-CLBZW,Yes,No,0.4056,Medium Risk
6416-YJTTB,No,No,0.4055,Medium Risk
8160-HOWOX,No,No,0.4054,Medium Risk
1891-FZYSA,Yes,No,0.4054,Medium Risk
9167-APMXZ,No,No,0.405,Medium Risk
3096-IZETN,Yes,No,0.4046,Medium Risk
1587-FKLZB,Yes,No,0.4043,Medium Risk
4840-ORQXB,No,No,0.4041,Medium Risk
4989-LIXVT,No,No,0.404,Medium Risk
7895-VONWT,No,No,0.4039,Medium Risk
0979-PHULV,Yes,No,0.4038,Medium Risk
1608-GMEWB,No,No,0.4037,Medium Risk
4013-UBXWQ,Yes,No,0.4037,Medium Risk
2141-RRYGO,Yes,No,0.4036,Medium Risk
6988-CJEYV,No,No,0.4028,Medium Risk
5222-IMUKT,No,No,0.4025,Medium Risk
2873-ZLIWT,Yes,No,0.4024,Medium Risk
4329-YPDDQ,No,No,0.4023,Medium Risk
1928-BXYIV,No,No,0.4021,Medium Risk
7503-QQRVF,Yes,No,0.402,Medium Risk
8020-BWHYL,Yes,No,0.402,Medium Risk
3737-XBQDD,No,No,0.4019,Medium Risk
8685-WHQPW,Yes,No,0.4015,Medium Risk
5143-WMWOG,Yes,No,0.4012,Medium Risk
9348-YVOMK,No,No,0.4009,Medium Risk
5175-AOBHI,Yes,No,0.4009,Medium Risk
8123-QBNAZ,No,No,0.4007,Medium Risk
3791-LGQCY,Yes,No,0.4006,Medium Risk
8468-EHYJA,No,No,0.4005,Medium Risk
9274-UARKJ,No,No,0.4005,Medium Risk
7853-GVUDZ,Yes,No,0.4003,Medium Risk
4781-ZXYGU,No,No,0.4003,Medium Risk
0537-QYZZN,No,No,0.4,Low Risk
5404-GGUKR,No,No,0.3998,Low Risk
1346-UFHAX,No,No,0.3997,Low Risk
0374-IOEGQ,No,No,0.3996,Low Risk
0963-ZBDRN,Yes,No,0.3995,Low Risk
0596-BQCEQ,Yes,No,0.3995,Low Risk
3167-SNQPL,No,No,0.3993,Low Risk
5143-EGQFK,Yes,No,0.3993,Low Risk
9365-SRSZE,No,No,0.3991,Low Risk
9667-EQRXU,Yes,No,0.3989,Low Risk
6599-SFQVE,No,No,0.3988,Low Risk
9919-YLNNG,No,No,0.3987,Low Risk
1427-VERSM,No,No,0.3985,Low Risk
7853-OETYL,No,No,0.3985,Low Risk
0032-PGELS,Yes,No,0.3982,Low Risk
7517-SAWMO,Yes,No,0.3981,Low Risk
2122-YWVYA,No,No,0.3981,Low Risk
4238-JSSWH,No,No,0.3981,Low Risk
0212-ISBBF,No,No,0.3974,Low Risk
6168-YBYNP,No,No,0.3969,Low Risk
6710-HSJRD,No,No,0.3969,Low Risk
3571-RFHAR,Yes,No,0.3969,Low Risk
9822-WMWVG,No,No,0.3968,Low Risk
9048-JVYVF,Yes,No,0.3965,Low Risk
0778-NELLA,Yes,No,0.3965,Low Risk
9631-XEYKE,No,No,0.3964,Low Risk
5175-WLYXL,No,No,0.3963,Low Risk
9526-JAWYF,Yes,No,0.3961,Low Risk
2187-LZGPL,Yes,No,0.3959,Low Risk
7892-QVYKW,No,No,0.3959,Low Risk
8718-PTMEZ,Yes,No,0.3957,Low Risk
6339-DKLMK,No,No,0.3957,Low Risk
2911-WDXMV,No,No,0.3955,Low Risk
6458-CYIDZ,No,No,0.3954,Low Risk
9722-UJOJR,Yes,No,0.3953,Low Risk
2761-XECQW,No,No,0.3953,Low Risk
8623-TMRBY,Yes,No,0.3943,Low Risk
5981-ITEMU,Yes,No,0.3942,Low Risk
3757-NJYBX,Yes,No,0.394,Low Risk
2874-YXVVA,No,No,0.3939,Low Risk
2720-FVBQP,No,No,0.3936,Low Risk
6961-VCPMC,Yes,No,0.3935,Low Risk
2675-OTVVJ,No,No,0.3935,Low Risk
9944-AEXBM,No,No,0.3935,Low Risk
0468-YRPXN,No,No,0.3928,Low Risk
7993-PYKOF,Yes,No,0.3926,Low Risk
5673-TIYIB,Yes,No,0.3924,Low Risk
4911-BANWH,Yes,No,0.3921,Low Risk
1230-QAJDW,No,No,0.3921,Low Risk
3647-GMGDH,Yes,No,0.3921,Low Risk
2452-KDRRH,No,No,0.392,Low Risk
6908-VVYHM,No,No,0.392,Low Risk
6402-EJMWF,No,No,0.3917,Low Risk
8229-TNIQA,Yes,No,0.3917,Low Risk
1635-FJFCC,No,No,0.3917,Low Risk
3237-AJGEH,Yes,No,0.3914,Low Risk
7346-MEDWM,No,No,0.3913,Low Risk
0641-EVBOJ,No,No,0.3913,Low Risk
6817-WTYHE,No,No,0.391,Low Risk
0310-MVLET,Yes,No,0.3909,Low Risk
0623-GDISB,No,No,0.3907,Low Risk
8384-FZBJK,No,No,0.3905,Low Risk
6591-QGOYB,No,No,0.3902,Low Risk
7901-HXJVA,No,No,0.3899,Low Risk
7126-RBHSD,No,No,0.3897,Low Risk
5307-DZCVC,Yes,No,0.3896,Low Risk
5536-RTPWK,Yes,No,0.3894,Low Risk
6362-QHAFM,No,No,0.3893,Low Risk
2027-WKXMW,No,No,0.3891,Low Risk
2067-QYTCF,No,No,0.3891,Low Risk
3677-TNKIO,Yes,No,0.3889,Low Risk
7718-RXDGG,No,No,0.3889,Low Risk
5697-GOMBF,No,No,0.3888,Low Risk
8286-AFUYI,No,No,0.3888,Low Risk
3807-XHCJH,No,No,0.3886,Low Risk
5572-ZDXHY,Yes,No,0.3884,Low Risk
5281-BUZGT,Yes,No,0.3884,Low Risk
2811-POVEX,No,No,0.388,Low Risk
5373-SFODM,Yes,No,0.3879,Low Risk
0082-OQIQY,No,No,0.3878,Low Risk
1472-TNCWL,No,No,0.3876,Low Risk
4566-GOLUK,Yes,No,0.3873,Low Risk
3932-IJWDZ,No,No,0.3873,Low Risk
2974-GGUXS,No,No,0.3872,Low Risk
4307-KTUMW,Yes,No,0.3872,Low Risk
0749-IRGQE,No,No,0.387,Low Risk
4881-JVQOD,No,No,0.387,Low Risk
4143-HHPMK,Yes,No,0.3868,Low Risk
8849-AYPTR,No,No,0.3867,Low Risk
0107-WESLM,Yes,No,0.3866,Low Risk
6481-ESCNL,No,No,0.3864,Low Risk
0089-IIQKO,No,No,0.3863,Low Risk
7268-IGMFD,No,No,0.3861,Low Risk
0311-UNPFF,Yes,No,0.386,Low Risk
5294-DMSFH,No,No,0.386,Low Risk
4282-ACRXS,No,No,0.3857,Low Risk
3955-JBZZM,No,No,0.3854,Low Risk
6543-CPZMK,Yes,No,0.3854,Low Risk
8676-OOQEJ,No,No,0.3852,Low Risk
9112-WSNPU,No,No,0.385,Low Risk
2070-XYMFH,No,No,0.3847,Low Risk
9904-EHEVJ,No,No,0.3846,Low Risk
1785-BPHTP,No,No,0.3844,Low Risk
3956-MGXOG,No,No,0.3842,Low Risk
9710-ZUSHQ,Yes,No,0.3842,Low Risk
3665-JATSN,No,No,0.3841,Low Risk
0277-BKSQP,No,No,0.3841,Low Risk
2373-NTKOD,No,No,0.3841,Low Risk
9281-OFDMF,No,No,0.3835,Low Risk
7682-AZNDK,No,No,0.3833,Low Risk
6464-KEXXH,No,No,0.3833,Low Risk
3055-MJDSB,No,No,0.3833,Low Risk
4430-UZIPO,Yes,No,0.3829,Low Risk
9026-RNUJS,Yes,No,0.3826,Low Risk
3804-RVTGV,Yes,No,0.3825,Low Risk
3866-MDTUB,Yes,No,0.3823,Low Risk
5302-BDJNT,No,No,0.3815,Low Risk
2823-LKABH,No,No,0.3812,Low Risk
8645-KWHJO,No,No,0.3811,Low Risk
6581-NQCBA,Yes,No,0.3811,Low Risk
2195-ZRVAX,Yes,No,0.381,Low Risk
5461-QKNTN,No,No,0.381,Low Risk
1482-OXZSY,No,No,0.3809,Low Risk
0564-MUUQK,No,No,0.3806,Low Risk
8543-MSDMF,No,No,0.3805,Low Risk
0096-BXERS,No,No,0.3799,Low Risk
9512-UIBFX,Yes,No,0.3798,Low Risk
4360-PNRQB,No,No,0.3797,Low Risk
7623-TRNQN,Yes,No,0.3794,Low Risk
9574-RKJIF,Yes,No,0.3794,Low Risk
7129-ACFOG,No,No,0.3793,Low Risk
2309-OSFEU,Yes,No,0.3788,Low Risk
1271-SJBGZ,Yes,No,0.3787,Low Risk
7351-KYHQH,No,No,0.3784,Low Risk
9576-SYUHJ,No,No,0.3784,Low Risk
9137-UIYPG,No,No,0.3782,Low Risk
7460-ITWWP,No,No,0.3777,Low Risk
4465-VDKIQ,No,No,0.3775,Low Risk
3234-VKACU,No,No,0.3769,Low Risk
2587-EKXTS,No,No,0.3769,Low Risk
2683-BPJSO,Yes,No,0.3767,Low Risk
2495-KZNFB,No,No,0.3767,Low Risk
6845-RGTYS,Yes,No,0.3766,Low Risk
4918-QLLIW,Yes,No,0.3763,Low Risk
8806-EAGWC,Yes,No,0.3763,Low Risk
9003-CPATH,No,No,0.3762,Low Risk
0111-KLBQG,No,No,0.3762,Low Risk
7739-LAXOG,Yes,No,0.376,Low Risk
7964-VEXDG,No,No,0.3756,Low Risk
2322-VCZHZ,No,No,0.3754,Low Risk
6656-JWRQX,No,No,0.375,Low Risk
1816-FLZDK,No,No,0.375,Low Risk
2049-BAFNW,No,No,0.375,Low Risk
3969-GYXEL,No,No,0.375,Low Risk
7421-ZLUPA,No,No,0.3748,Low Risk
8450-UYIBU,No,No,0.3748,Low Risk
1670-SVOWZ,Yes,No,0.3745,Low Risk
0701-RFGFI,No,No,0.3744,Low Risk
1689-MRZQR,Yes,No,0.3734,Low Risk
9732-EQMWY,No,No,0.3733,Low Risk
0578-SKVMF,Yes,No,0.3731,Low Risk
9278-VZKCD,No,No,0.3729,Low Risk
6331-LWDTQ,Yes,No,0.3729,Low Risk
9369-XFEHK,Yes,No,0.3727,Low Risk
5813-UECBU,Yes,No,0.3727,Low Risk
5626-MGTUK,No,No,0.3724,Low Risk
2523-EWWZL,No,No,0.3723,Low Risk
4523-WXCEF,Yes,No,0.3723,Low Risk
6286-SUUWT,No,No,0.3722,Low Risk
1934-SJVJK,Yes,No,0.3722,Low Risk
4877-EVATK,Yes,No,0.3722,Low Risk
3148-BLQJT,Yes,No,0.3722,Low Risk
7096-UCLNH,No,No,0.3722,Low Risk
4786-UKSNZ,Yes,No,0.3722,Low Risk
3030-ZKIWL,No,No,0.3722,Low Risk
3900-AQPHZ,Yes,No,0.3722,Low Risk
8048-DSDFQ,No,No,0.3722,Low Risk
6380-ARCEH,No,No,0.3722,Low Risk
6654-QGBZZ,No,No,0.3722,Low Risk
3247-MHJKM,No,No,0.3722,Low Risk
8749-CLJXC,No,No,0.3722,Low Risk
7698-YFGEZ,No,No,0.3722,Low Risk
7878-RTCZG,No,No,0.3722,Low Risk
1066-JKSGK,Yes,No,0.3722,Low Risk
8974-OVACP,No,No,0.3722,Low Risk
3932-CMDTD,Yes,No,0.3721,Low Risk
9699-UBQFS,No,No,0.3719,Low Risk
6439-GTPCA,Yes,No,0.3719,Low Risk
1323-OOEPC,Yes,No,0.3718,Low Risk
3987-KQDDU,No,No,0.3715,Low Risk
4558-FANTW,Yes,No,0.3713,Low Risk
1142-WACZW,Yes,No,0.3712,Low Risk
2003-CKLOR,Yes,No,0.3711,Low Risk
9962-BFPDU,No,No,0.3711,Low Risk
5515-IDEJJ,Yes,No,0.3711,Low Risk
2812-SFXMJ,No,No,0.3711,Low Risk
0621-TWIEM,Yes,No,0.371,Low Risk
1767-TGTKO,No,No,0.371,Low Risk
7743-EXURX,Yes,No,0.371,Low Risk
4570-QHXHL,No,No,0.371,Low Risk
6692-YQHXC,No,No,0.3709,Low Risk
3540-RZJYU,Yes,No,0.3708,Low Risk
2856-NNASM,Yes,No,0.3707,Low Risk
0428-IKYCP,No,No,0.3706,Low Risk
5394-SVGJV,Yes,No,0.3705,Low Risk
3005-TYFRD,No,No,0.3704,Low Risk
6771-XWBDM,Yes,No,0.3704,Low Risk
7251-LJBQN,No,No,0.3698,Low Risk
3071-VBYPO,No,No,0.3698,Low Risk
4248-QPAVC,Yes,No,0.3698,Low Risk
1728-CXQBE,No,No,0.3694,Low Risk
0376-OIWME,No,No,0.3693,Low Risk
3923-CSIHK,Yes,No,0.369,Low Risk
4098-NAUKP,No,No,0.369,Low Risk
3404-JNXAX,No,No,0.369,Low Risk
2014-MKGMH,No,No,0.3689,Low Risk
8660-BUETV,No,No,0.3689,Low Risk
9261-WDCAF,No,No,0.3689,Low Risk
4061-UKJWL,No,No,0.3689,Low Risk
7963-GQRMY,Yes,No,0.3689,Low Risk
0867-MKZVY,Yes,No,0.3689,Low Risk
7851-FLGGQ,Yes,No,0.3688,Low Risk
2203-GHNWN,No,No,0.3683,Low Risk
7758-XKCBS,Yes,No,0.368,Low Risk
5828-AVIPD,Yes,No,0.3679,Low Risk
1818-ESQMW,No,No,0.3677,Low Risk
7486-KSRVI,Yes,No,0.3675,Low Risk
6075-SLNIL,No,No,0.367,Low Risk
0577-WHMEV,No,No,0.3668,Low Risk
2960-NKRSO,No,No,0.3667,Low Risk
0504-HHAPI,Yes,No,0.3665,Low Risk
3838-OZURD,Yes,No,0.3664,Low Risk
1685-BQULA,No,No,0.3659,Low Risk
7547-EKNFS,Yes,No,0.3659,Low Risk
4818-DRBQT,Yes,No,0.3658,Low Risk
5922-ABDVO,Yes,No,0.3651,Low Risk
3132-TVFDZ,Yes,No,0.3649,Low Risk
4948-WBBKL,No,No,0.3648,Low Risk
9286-DOJGF,Yes,No,0.3648,Low Risk
6522-YRBXD,No,No,0.3648,Low Risk
4088-YLDSU,Yes,No,0.3645,Low Risk
3685-YLCMQ,Yes,No,0.3645,Low Risk
2108-XWMPY,Yes,No,0.3644,Low Risk
5977-CKHON,No,No,0.3641,Low Risk
4657-FWVFY,No,No,0.3638,Low Risk
6259-WJQLC,No,No,0.3633,Low Risk
0623-IIHUG,Yes,No,0.3631,Low Risk
3331-HQDTW,Yes,No,0.3629,Low Risk
8456-QDAVC,No,No,0.3627,Low Risk
5419-KLXBN,Yes,No,0.3618,Low Risk
4829-AUOAX,Yes,No,0.3614,Low Risk
2480-JZOSN,No,No,0.3612,Low Risk
4760-THGOT,No,No,0.3612,Low Risk
5312-UXESG,No,No,0.3609,Low Risk
0585-EGDDA,No,No,0.3609,Low Risk
7567-ECMCM,No,No,0.3607,Low Risk
9979-RGMZT,No,No,0.3604,Low Risk
8988-ECPJR,Yes,No,0.3599,Low Risk
6022-KOUQO,No,No,0.3592,Low Risk
6179-GJPSO,Yes,No,0.3592,Low Risk
0177-PXBAT,No,No,0.359,Low Risk
2037-XJFUP,Yes,No,0.3589,Low Risk
8818-XYFCQ,Yes,No,0.3587,Low Risk
0365-GXEZS,No,No,0.3583,Low Risk
4860-IJUDE,No,No,0.3578,Low Risk
1930-WNXSB,No,No,0.3575,Low Risk
5628-RKIFK,No,No,0.3573,Low Risk
2382-BCKQJ,Yes,No,0.3573,Low Risk
7310-EGVHZ,No,No,0.3571,Low Risk
2542-HYGIQ,No,No,0.3571,Low Risk
2654-VBVPB,No,No,0.3571,Low Risk
1349-WXNGG,Yes,No,0.3571,Low Risk
5349-AZPEW,No,No,0.3571,Low Risk
3692-JHONH,No,No,0.357,Low Risk
8155-IBNHG,Yes,No,0.3568,Low Risk
6133-OZILE,No,No,0.3568,Low Risk
1541-ETJZO,Yes,No,0.3562,Low Risk
9643-YBLUR,No,No,0.3561,Low Risk
3668-QPYBK,Yes,No,0.3561,Low Risk
3506-LCJDC,Yes,No,0.3561,Low Risk
2070-FNEXE,Yes,No,0.3559,Low Risk
1845-CSBRZ,No,No,0.3555,Low Risk
6284-AHOOQ,Yes,No,0.3553,Low Risk
2208-UGTGR,No,No,0.3551,Low Risk
2985-JUUBZ,No,No,0.3548,Low Risk
1260-TTRXI,Yes,No,0.3534,Low Risk
2480-SQIOB,No,No,0.3534,Low Risk
4255-DDUOU,Yes,No,0.3533,Low Risk
5057-LCOUI,Yes,No,0.3533,Low Risk
6704-UTUKK,No,No,0.3533,Low Risk
6652-YFFJO,No,No,0.3532,Low Risk
1399-UBQIU,No,No,0.3532,Low Risk
3577-AMVUX,No,No,0.353,Low Risk
9564-KCLHR,Yes,No,0.353,Low Risk
2273-QCKXA,No,No,0.353,Low Risk
2607-FBDFF,No,No,0.353,Low Risk
2632-UCGVD,Yes,No,0.353,Low Risk
8695-WDYEA,No,No,0.353,Low Risk
1453-RZFON,No,No,0.353,Low Risk
2947-DOMLJ,Yes,No,0.353,Low Risk
2043-WVTQJ,No,No,0.353,Low Risk
9537-VHDTA,No,No,0.353,Low Risk
8885-QSQBX,No,No,0.353,Low Risk
4238-HFHSN,No,No,0.3528,Low Risk
6537-QLGEX,No,No,0.3526,Low Risk
8496-EJAUI,Yes,No,0.3526,Low Risk
6862-CQUMB,No,No,0.3524,Low Risk
2386-OWURY,No,No,0.3521,Low Risk
9412-GHEEC,Yes,No,0.352,Low Risk
6844-DZKRF,No,No,0.3519,Low Risk
3569-EDBPQ,No,No,0.3519,Low Risk
5301-GAUUY,Yes,No,0.3517,Low Risk
1355-KUSBG,No,No,0.3515,Low Risk
5035-PGZXH,No,No,0.3513,Low Risk
7975-TZMLR,No,No,0.3507,Low Risk
7504-UWHNB,No,No,0.3505,Low Risk
4625-EWPTF,Yes,No,0.3504,Low Risk
6923-EFPNL,Yes,No,0.3504,Low Risk
9462-MJUAW,Yes,No,0.3504,Low Risk
0410-IPFTY,No,No,0.3502,Low Risk
1910-FMXJM,No,No,0.3501,Low Risk
5122-CYFXA,No,No,0.3493,Low Risk
4581-LNWUM,No,No,0.349,Low Risk
0601-WZHJF,Yes,No,0.349,Low Risk
0691-NIKRI,No,No,0.3489,Low Risk
9154-QDGTH,No,No,0.3489,Low Risk
5609-IMCGG,No,No,0.3489,Low Risk
3348-CFRNX,Yes,No,0.3487,Low Risk
0829-XXPLX,No,No,0.3487,Low Risk
3162-KKZXO,No,No,0.3483,Low Risk
1095-JUDTC,Yes,No,0.3482,Low Risk
9158-VCTQB,Yes,No,0.3479,Low Risk
4361-BKAXE,Yes,No,0.3479,Low Risk
1548-FEHVL,No,No,0.3475,Low Risk
6680-NENYN,Yes,No,0.3474,Low Risk
9800-ONTFE,No,No,0.3473,Low Risk
3452-ABWRL,No,No,0.3472,Low Risk
9626-VFRGG,No,No,0.3469,Low Risk
9708-HPXWZ,No,No,0.3469,Low Risk
5389-FFVKB,Yes,No,0.3466,Low Risk
7176-WIONM,No,No,0.3465,Low Risk
3137-LUPIX,No,No,0.3463,Low Risk
0129-KPTWJ,No,No,0.3462,Low Risk
4937-QPZPO,No,No,0.346,Low Risk
5950-AAAGJ,No,No,0.3456,Low Risk
4001-TSBTV,No,No,0.3445,Low Risk
7587-AOVVU,No,No,0.3444,Low Risk
6693-FRIRW,No,No,0.3443,Low Risk
0178-SZBHO,No,No,0.3441,Low Risk
3982-XWFZQ,Yes,No,0.3441,Low Risk
9948-YPTDG,Yes,No,0.3441,Low Risk
8149-AIQCG,No,No,0.344,Low Risk
2465-BLLEU,No,No,0.3438,Low Risk
1622-HSHSF,No,No,0.3438,Low Risk
4588-YBNIB,Yes,No,0.3438,Low Risk
7989-CHGTL,Yes,No,0.3438,Low Risk
8566-YPRGL,No,No,0.3438,Low Risk
4667-OHGKG,Yes,No,0.3438,Low Risk
9318-NKNFC,Yes,No,0.3438,Low Risk
7298-IZWLY,No,No,0.3438,Low Risk
6121-VZNQB,Yes,No,0.3438,Low Risk
5906-BFOZT,No,No,0.3438,Low Risk
4459-BBGHE,No,No,0.3437,Low Risk
5533-NHFRF,No,No,0.3437,Low Risk
9079-YEXQJ,Yes,No,0.3436,Low Risk
2178-PMGCJ,No,No,0.3435,Low Risk
3211-ILJTT,Yes,No,0.3435,Low Risk
0599-XNYDO,No,No,0.3435,Low Risk
4109-CYRBD,No,No,0.3434,Low Risk
6128-AQBMT,No,No,0.3433,Low Risk
2081-KJSQF,No,No,0.3432,Low Risk
0670-KDOMA,No,No,0.3432,Low Risk
8073-IJDCM,Yes,No,0.3432,Low Risk
5996-DAOQL,No,No,0.3432,Low Risk
8262-COGGB,No,No,0.3432,Low Risk
2876-VBBBL,Yes,No,0.3432,Low Risk
4634-JLRJT,No,No,0.3432,Low Risk
5118-MUEYH,No,No,0.3429,Low Risk
8212-CRQXP,No,No,0.3425,Low Risk
7593-JNWRU,Yes,No,0.3423,Low Risk
3943-KDREE,Yes,No,0.3423,Low Risk
0999-QXNSA,No,No,0.3422,Low Risk
8313-KTIHG,No,No,0.3418,Low Risk
8640-SDGKB,Yes,No,0.3418,Low Risk
7641-EUYET,Yes,No,0.3418,Low Risk
7813-ZGGAW,No,No,0.3412,Low Risk
5522-NYKPB,No,No,0.3411,Low Risk
1307-TVUFB,No,No,0.3409,Low Risk
9495-SKLKD,No,No,0.3409,Low Risk
2971-SGAFL,No,No,0.3408,Low Risk
1550-EENBN,No,No,0.3407,Low Risk
9474-PHLYD,Yes,No,0.3406,Low Risk
4566-QVRRW,Yes,No,0.3406,Low Risk
5392-AKEMH,No,No,0.3406,Low Risk
3945-GFWQL,Yes,No,0.3406,Low Risk
2133-TSRRM,No,No,0.3401,Low Risk
4488-KQFDT,No,No,0.34,Low Risk
1194-HVAIF,No,No,0.34,Low Risk
4690-LLKUA,Yes,No,0.3399,Low Risk
8620-RJPZN,No,No,0.3395,Low Risk
7893-IXHRQ,Yes,No,0.3395,Low Risk
5088-QZLRL,No,No,0.3395,Low Risk
8552-OBVRU,No,No,0.3395,Low Risk
8782-LKFPK,No,No,0.3393,Low Risk
6968-GMKPR,No,No,0.3391,Low Risk
1450-SKCVI,Yes,No,0.339,Low Risk
3018-TFTSU,Yes,No,0.339,Low Risk
5973-EJGDP,No,No,0.3388,Low Risk
7470-MCQTK,Yes,No,0.3388,Low Risk
2235-ZGKPT,Yes,No,0.3388,Low Risk
0666-UXTJO,No,No,0.3387,Low Risk
2712-SYWAY,No,No,0.3386,Low Risk
9529-OFXHY,No,No,0.3385,Low Risk
7395-IGJOS,Yes,No,0.3383,Low Risk
3761-FLYZI,No,No,0.3382,Low Risk
7658-UYUQS,No,No,0.338,Low Risk
0422-UXFAP,No,No,0.338,Low Risk
2074-GUHPQ,No,No,0.3379,Low Risk
7627-JKIAZ,Yes,No,0.3378,Low Risk
0804-XBFBV,No,No,0.3377,Low Risk
4821-SJHJV,No,No,0.3374,Low Risk
0786-VSSUD,Yes,No,0.3374,Low Risk
0869-PAPRP,No,No,0.3369,Low Risk
3173-NVMPX,No,No,0.3367,Low Risk
7248-VZQLC,Yes,No,0.3367,Low Risk
4343-EJVQB,No,No,0.3366,Low Risk
7481-ATQQS,Yes,No,0.3365,Low Risk
6135-OZQVA,No,No,0.3365,Low Risk
8178-EYZUO,Yes,No,0.3364,Low Risk
2853-CWQFQ,No,No,0.3364,Low Risk
1423-BMPBQ,No,No,0.3361,Low Risk
1724-IQWNM,No,No,0.3361,Low Risk
1725-MIMXW,Yes,No,0.3361,Low Risk
9629-NHXFW,No,No,0.3361,Low Risk
3308-MHOOC,No,No,0.3361,Low Risk
1481-ZUWZA,Yes,No,0.3361,Low Risk
7580-UGXNC,Yes,No,0.3359,Low Risk
4718-DHSMV,No,No,0.3359,Low Risk
5868-YTYKS,No,No,0.3355,Low Risk
9408-HRXRK,No,No,0.3354,Low Risk
8651-ENBZX,Yes,No,0.3353,Low Risk
7982-VCELR,No,No,0.335,Low Risk
2931-SVLTV,No,No,0.3348,Low Risk
7636-OWBPG,No,No,0.3348,Low Risk
6633-MPWBS,Yes,No,0.3347,Low Risk
5816-SCGFC,No,No,0.3342,Low Risk
0348-SDKOL,Yes,No,0.3337,Low Risk
7112-OPOTK,Yes,No,0.3336,Low Risk
4660-IRIBM,No,No,0.3335,Low Risk
2573-GYRUU,No,No,0.3329,Low Risk
2478-EEWWM,No,No,0.3325,Low Risk
6646-JPPHA,No,No,0.3325,Low Risk
5716-LIBJC,No,No,0.3323,Low Risk
2359-KLTEK,No,No,0.3322,Low Risk
5208-HFSBT,Yes,No,0.3322,Low Risk
5173-WXOQV,No,No,0.3322,Low Risk
4680-KUTAJ,No,No,0.3321,Low Risk
3351-NGXYI,No,No,0.3321,Low Risk
6233-HXJMX,No,No,0.332,Low Risk
7927-AUXBZ,Yes,No,0.3318,Low Risk
3503-TYDAY,No,No,0.3315,Low Risk
5213-TWWJU,No,No,0.3311,Low Risk
9470-XCCEM,No,No,0.3311,Low Risk
3161-GETRM,No,No,0.331,Low Risk
7055-HNEOJ,No,No,0.3308,Low Risk
4026-SKKHW,No,No,0.3308,Low Risk
1763-WQFUK,No,No,0.3308,Low Risk
0643-OKLRP,Yes,No,0.3302,Low Risk
6917-IAYHD,No,No,0.3299,Low Risk
3808-HFKDE,No,No,0.3297,Low Risk
4012-ZTHBR,No,No,0.3297,Low Risk
1208-NBVFH,No,No,0.3297,Low Risk
8096-LOIST,No,No,0.3297,Low Risk
7634-WSWDB,No,No,0.3294,Low Risk
6896-SRVYQ,No,No,0.3293,Low Risk
1098-TDVUQ,No,No,0.3293,Low Risk
7291-CDTMJ,No,No,0.3293,Low Risk
7853-WNZSY,No,No,0.3293,Low Risk
7814-LEEVE,No,No,0.3287,Low Risk
7130-YXBRO,No,No,0.3286,Low Risk
1373-ORVIZ,Yes,No,0.3284,Low Risk
4257-GAESD,No,No,0.328,Low Risk
2931-FSOHN,No,No,0.3278,Low Risk
6921-OZMFH,No,No,0.3276,Low Risk
3567-PQTSO,No,No,0.3273,Low Risk
7551-DACSP,Yes,No,0.3268,Low Risk
0823-HSCDJ,Yes,No,0.3265,Low Risk
6313-GIDIT,Yes,No,0.3265,Low Risk
4191-XOVOM,No,No,0.3263,Low Risk
2519-LBNQL,No,No,0.3259,Low Risk
6646-QVXLR,Yes,No,0.3259,Low Risk
0924-BJCRC,No,No,0.3259,Low Risk
1396-QWFBJ,Yes,No,0.3251,Low Risk
4183-WCSEP,Yes,No,0.3246,Low Risk
8761-NSOBC,Yes,No,0.3246,Low Risk
1582-RAFML,Yes,No,0.3246,Low Risk
7789-HKSBS,No,No,0.3245,Low Risk
7396-VJUZB,No,No,0.3244,Low Risk
3859-CVCET,Yes,No,0.3244,Low Risk
3466-RITXD,No,No,0.324,Low Risk
6173-ITPWD,Yes,No,0.3238,Low Risk
0486-HECZI,Yes,No,0.3236,Low Risk
2403-BCASL,Yes,No,0.3235,Low Risk
2615-YVMYX,No,No,0.3233,Low Risk
6635-CPNUN,No,No,0.3232,Low Risk
8242-JSVBO,No,No,0.3231,Low Risk
8887-IPQNC,No,No,0.3231,Low Risk
2869-ADAWR,Yes,No,0.323,Low Risk
3446-QDSZF,No,No,0.323,Low Risk
3806-DXQOM,Yes,No,0.3229,Low Risk
4248-HCETZ,Yes,No,0.3228,Low Risk
4526-ZJJTM,No,No,0.3227,Low Risk
9469-WEJBT,No,No,0.3226,Low Risk
1156-ZFYDO,No,No,0.3226,Low Risk
7617-EYGLW,No,No,0.3226,Low Risk
0761-AETCS,Yes,No,0.3226,Low Risk
2476-YGEFM,No,No,0.3225,Low Risk
0064-YIJGF,No,No,0.3225,Low Risk
4612-THJBS,Yes,No,0.3223,Low Risk
6300-BWMJX,No,No,0.3222,Low Risk
2433-KMEAS,Yes,No,0.3221,Low Risk
0708-LGSMF,No,No,0.3221,Low Risk
9522-BNTHX,No,No,0.322,Low Risk
1862-SKORY,Yes,No,0.322,Low Risk
4176-FXYBO,No,No,0.322,Low Risk
9281-PKKZE,No,No,0.3217,Low Risk
3886-CERTZ,Yes,No,0.3216,Low Risk
9921-EZKBY,No,No,0.3212,Low Risk
8033-VCZGH,No,No,0.3205,Low Risk
9819-FBNSV,No,No,0.32,Low Risk
4801-JZAZL,No,No,0.3193,Low Risk
3426-NIYYL,Yes,No,0.3187,Low Risk
9530-EHPOH,Yes,No,0.3187,Low Risk
3192-LNKRK,No,No,0.3186,Low Risk
6173-GOLSU,No,No,0.3186,Low Risk
7401-RUBNK,No,No,0.3184,Low Risk
2207-QPJED,No,No,0.3182,Low Risk
4824-GUCBY,No,No,0.3177,Low Risk
2669-OIDSD,No,No,0.3175,Low Risk
5493-SDRDQ,Yes,No,0.3174,Low Risk
0541-FITGH,No,No,0.3174,Low Risk
1791-PQHBB,No,No,0.3174,Low Risk
1842-EZJMK,Yes,No,0.3172,Low Risk
8344-WFMFH,No,No,0.3168,Low Risk
5671-UUNXD,No,No,0.3167,Low Risk
4720-VSTSI,Yes,No,0.3167,Low Risk
1725-IQNIY,Yes,No,0.3166,Low Risk
2782-LFZVW,No,No,0.3163,Low Risk
0734-OXWBT,No,No,0.3163,Low Risk
7521-AFHAB,No,No,0.3161,Low Risk
7878-JGDKK,No,No,0.3161,Low Risk
1809-DMJHQ,Yes,No,0.3161,Low Risk
1304-BCCFO,No,No,0.3158,Low Risk
4522-AKYLR,No,No,0.3157,Low Risk
9776-CLUJA,Yes,No,0.3157,Low Risk
6729-GDNGC,No,No,0.3157,Low Risk
9732-KPKBW,Yes,No,0.3156,Low Risk
3845-JHAMY,No,No,0.3152,Low Risk
5339-TJFEK,No,No,0.3146,Low Risk
5804-HYIEZ,No,No,0.3146,Low Risk
3258-SANFR,No,No,0.3143,Low Risk
5839-SUYVZ,No,No,0.314,Low Risk
2252-ISRNH,No,No,0.3138,Low Risk
1871-MOWRM,Yes,No,0.3137,Low Risk
8544-GOQSH,No,No,0.3137,Low Risk
7011-CVEUC,No,No,0.3133,Low Risk
7277-OZCGZ,No,No,0.313,Low Risk
9753-OYLBX,No,No,0.3126,Low Risk
4745-LSPLO,Yes,No,0.3126,Low Risk
5049-GLYVG,Yes,No,0.3126,Low Risk
5624-BQSSA,Yes,No,0.3126,Low Risk
3976-NLDEZ,No,No,0.3126,Low Risk
0426-TIRNE,Yes,No,0.3126,Low Risk
7243-LCGGZ,No,No,0.3126,Low Risk
4013-GUXND,No,No,0.3126,Low Risk
2002-MZHWP,Yes,No,0.3126,Low Risk
7434-SHXLS,Yes,No,0.3126,Low Risk
3207-OYBWH,Yes,No,0.3125,Low Risk
5816-QVHRX,No,No,0.3124,Low Risk
1552-AAGRX,No,No,0.3123,Low Risk
2040-VZIKE,No,No,0.3123,Low Risk
6927-WTFIV,Yes,No,0.312,Low Risk
3587-PMCOY,No,No,0.312,Low Risk
3323-CPBWR,No,No,0.3118,Low Risk
1436-ZMJAN,No,No,0.3117,Low Risk
3645-DEYGF,No,No,0.3116,Low Risk
3803-KMQFW,Yes,No,0.3116,Low Risk
9103-CXVOK,No,No,0.3112,Low Risk
3679-XASPY,No,No,0.3112,Low Risk
9374-YOLBJ,No,No,0.3112,Low Risk
6770-XUAGN,Yes,No,0.311,Low Risk
3194-ORPIK,Yes,No,0.3107,Low Risk
2883-ILGWO,No,No,0.3106,Low Risk
8495-PRWFH,No,No,0.3103,Low Risk
8564-LDKFL,No,No,0.31,Low Risk
4480-MBMLB,No,No,0.31,Low Risk
2325-WINES,No,No,0.31,Low Risk
5295-PCJOO,Yes,No,0.3095,Low Risk
6227-HWPWX,Yes,No,0.3092,Low Risk
7000-WCEVQ,Yes,No,0.3091,Low Risk
5027-XWQHA,Yes,No,0.309,Low Risk
1173-NOEYG,No,No,0.3089,Low Risk
9578-VRMNM,Yes,No,0.3089,Low Risk
3688-FTHLT,No,No,0.3089,Low Risk
6891-JPYFF,No,No,0.3089,Low Risk
5419-JKZNQ,No,No,0.3088,Low Risk
0943-ZQPXH,No,No,0.3085,Low Risk
6769-DYBQN,Yes,No,0.3085,Low Risk
3143-ILDAL,Yes,No,0.3081,Low Risk
0730-KOAVE,No,No,0.3075,Low Risk
9912-OMZDS,No,No,0.3075,Low Risk
1899-VXWXM,Yes,No,0.3074,Low Risk
8387-MOJJT,Yes,No,0.3074,Low Risk
9921-QFQUL,No,No,0.3074,Low Risk
2100-BDNSN,Yes,No,0.3072,Low Risk
5934-TSSAU,No,No,0.3069,Low Risk
3009-JWMPU,Yes,No,0.3069,Low Risk
3058-WQDRE,No,No,0.3068,Low Risk
9793-WECQC,No,No,0.3065,Low Risk
3014-WJKSM,No,No,0.3061,Low Risk
2674-MLXMN,No,No,0.306,Low Risk
6625-UTXEW,No,No,0.306,Low Risk
6789-HJBWG,No,No,0.306,Low Risk
2623-DRYAM,No,No,0.3059,Low Risk
4391-LNRXK,No,No,0.3058,Low Risk
1216-BGTSP,No,No,0.3053,Low Risk
4468-KAZHE,No,No,0.3052,Low Risk
1261-FWTTE,No,No,0.3052,Low Risk
9381-NDKME,Yes,No,0.3052,Low Risk
3976-BWUCK,Yes,No,0.3051,Low Risk
1100-DDVRV,No,No,0.3049,Low Risk
9626-WEQRM,No,No,0.3045,Low Risk
9681-KYGYB,No,No,0.3044,Low Risk
3589-PPVKW,No,No,0.3039,Low Risk
5515-RUGKN,No,No,0.3039,Low Risk
2219-MVUSO,Yes,No,0.3039,Low Risk
8775-CEBBJ,Yes,No,0.3039,Low Risk
4592-IWTJI,Yes,No,0.3038,Low Risk
3023-GFLBR,Yes,No,0.3034,Low Risk
6538-POCHL,No,No,0.3033,Low Risk
6986-IJDHX,Yes,No,0.3033,Low Risk
2842-BCQGE,No,No,0.3032,Low Risk
1919-RTPQD,No,No,0.303,Low Risk
4958-GZWIY,Yes,No,0.303,Low Risk
4993-JCRGJ,No,No,0.3028,Low Risk
1329-VHWNP,No,No,0.3024,Low Risk
5018-GWURO,No,No,0.3024,Low Risk
3062-ICYZQ,No,No,0.3023,Low Risk
4831-EOBFE,Yes,No,0.3018,Low Risk
6711-VTNRE,Yes,No,0.3018,Low Risk
2108-YKQTY,Yes,No,0.3015,Low Risk
1548-ARAGG,No,No,0.3014,Low Risk
4567-AKPIA,No,No,0.3013,Low Risk
2770-NSVDG,No,No,0.3013,Low Risk
9029-FEGVJ,No,No,0.3013,Low Risk
7129-CAKJW,No,No,0.3012,Low Risk
0060-FUALY,No,No,0.3008,Low Risk
3452-SRFEG,No,No,0.3008,Low Risk
6641-XRPSU,Yes,No,0.3006,Low Risk
4067-HLYQI,No,No,0.3006,Low Risk
9767-FFLEM,No,No,0.3006,Low Risk
7147-AYBAA,No,No,0.3006,Low Risk
4883-QICIH,Yes,No,0.3006,Low Risk
4554-YGZIH,Yes,No,0.2999,Low Risk
0463-ZSDNT,No,No,0.2999,Low Risk
1228-FZFRV,Yes,No,0.2999,Low Risk
9812-GHVRI,No,No,0.2999,Low Risk
2625-TRCZQ,No,No,0.2996,Low Risk
3144-AUDBS,Yes,No,0.2996,Low Risk
7730-IUTDZ,Yes,No,0.2994,Low Risk
4976-LNFVV,No,No,0.2994,Low Risk
8677-HDZEE,No,No,0.2993,Low Risk
1656-DRSMG,No,No,0.2993,Low Risk
2692-PFYTJ,No,No,0.2993,Low Risk
8896-BQTTI,No,No,0.2993,Low Risk
2565-JSLRY,Yes,No,0.2993,Low Risk
8069-YQQAJ,No,No,0.2992,Low Risk
8725-JEDFD,No,No,0.299,Low Risk
1025-FALIX,No,No,0.299,Low Risk
0481-SUMCB,No,No,0.299,Low Risk
6728-WYQBC,No,No,0.2988,Low Risk
9708-KFDBY,No,No,0.2988,Low Risk
2700-LUEVA,No,No,0.2988,Low Risk
1258-YMZNM,No,No,0.2985,Low Risk
4811-JBUVU,No,No,0.2984,Low Risk
1421-HCERK,No,No,0.2982,Low Risk
3043-TYBNO,No,No,0.2981,Low Risk
8755-IWJHN,No,No,0.298,Low Risk
9659-QEQSY,No,No,0.2979,Low Risk
3521-SYVOR,Yes,No,0.2977,Low Risk
0929-HYQEW,No,No,0.2975,Low Risk
6599-CEBNN,Yes,No,0.2973,Low Risk
2240-HSJQD,No,No,0.2973,Low Risk
4482-FTFFX,No,No,0.2967,Low Risk
1905-OEILC,No,No,0.2965,Low Risk
7239-HZZCX,Yes,No,0.2965,Low Risk
3785-NRHYR,No,No,0.2965,Low Risk
4892-VLANZ,Yes,No,0.2965,Low Risk
7721-DVEKZ,No,No,0.2965,Low Risk
2866-IKBTM,No,No,0.2965,Low Risk
8329-IBCTI,Yes,No,0.2965,Low Risk
7601-WFVZV,No,No,0.2965,Low Risk
6615-ZGEDR,Yes,No,0.2965,Low Risk
8393-JMVMB,No,No,0.2965,Low Risk
7551-JOHTI,Yes,No,0.2965,Low Risk
8605-ITULD,No,No,0.2965,Low Risk
5766-ZJYBB,Yes,No,0.2965,Low Risk
1135-LMECX,No,No,0.2965,Low Risk
6141-OOXUQ,Yes,No,0.2965,Low Risk
1029-QFBEN,Yes,No,0.2965,Low Risk
6124-ACRHJ,No,No,0.2965,Low Risk
0970-QXPXW,No,No,0.2965,Low Risk
3930-ZGWVE,No,No,0.2965,Low Risk
0461-CVKMU,Yes,No,0.2965,Low Risk
3345-PBBFH,No,No,0.2964,Low Risk
4280-DLSHD,No,No,0.2964,Low Risk
7693-QPEFS,No,No,0.2962,Low Risk
0106-GHRQR,No,No,0.296,Low Risk
6579-JPICP,No,No,0.2959,Low Risk
2592-YKDIF,No,No,0.2959,Low Risk
3727-JEZTU,No,No,0.2959,Low Risk
9122-UMROB,No,No,0.2959,Low Risk
8203-XJZRC,No,No,0.2959,Low Risk
2676-ISHSF,No,No,0.2959,Low Risk
2668-TZSPS,No,No,0.2959,Low Risk
0673-IGUQO,No,No,0.2959,Low Risk
3590-TCXTB,No,No,0.2959,Low Risk
4211-MMAZN,Yes,No,0.2959,Low Risk
1963-VAUKV,Yes,No,0.2959,Low Risk
1432-FPAXX,Yes,No,0.2958,Low Risk
1113-IUJYX,Yes,No,0.2958,Low Risk
8158-WPEZG,No,No,0.2956,Low Risk
8329-UTMVM,No,No,0.2956,Low Risk
4291-HPAXL,No,No,0.2955,Low Risk
4760-XOHVN,Yes,No,0.2955,Low Risk
5510-BOIUJ,Yes,No,0.2955,Low Risk
6849-WLEYG,Yes,No,0.2955,Low Risk
0927-CNGRH,No,No,0.2955,Low Risk
0247-SLUJI,No,No,0.2955,Low Risk
4724-WXVWF,No,No,0.2954,Low Risk
0118-JPNOY,No,No,0.2953,Low Risk
3349-ANQNH,No,No,0.2952,Low Risk
3094-JOJAI,No,No,0.2952,Low Risk
6578-KRMAW,No,No,0.2951,Low Risk
6559-RAKOZ,No,No,0.2951,Low Risk
6741-EGCBI,No,No,0.295,Low Risk
7356-IWLFW,No,No,0.2948,Low Risk
9332-GYWLO,No,No,0.2948,Low Risk
0100-DUVFC,No,No,0.2947,Low Risk
7271-AJDTL,No,No,0.2944,Low Risk
5424-RLQLC,No,No,0.2942,Low Risk
7733-UDMTP,No,No,0.294,Low Risk
1456-TWCGB,No,No,0.2935,Low Risk
4130-MZLCC,No,No,0.2935,Low Risk
6199-IWKGC,No,No,0.2935,Low Risk
6815-ABQFQ,No,No,0.2931,Low Risk
7449-HVPIV,No,No,0.2928,Low Risk
8623-ULFNQ,No,No,0.2927,Low Risk
0363-QJVFX,Yes,No,0.2926,Low Risk
8840-DQLGN,Yes,No,0.2926,Low Risk
8272-ONJLV,No,No,0.2925,Low Risk
8016-NCFVO,No,No,0.2918,Low Risk
8152-UOBNY,No,No,0.2915,Low Risk
8728-SKJLR,No,No,0.2915,Low Risk
2988-GBIVW,No,No,0.2912,Low Risk
9614-RMGHA,Yes,No,0.2909,Low Risk
5131-PONJI,No,No,0.2908,Low Risk
8807-ARQET,No,No,0.2905,Low Risk
9777-WJJPR,No,No,0.2905,Low Risk
6143-JQKEA,No,No,0.2901,Low Risk
3580-REOAC,Yes,No,0.2901,Low Risk
7876-BEUTG,No,No,0.2899,Low Risk
7064-FRRSW,No,No,0.2897,Low Risk
2519-ERQOJ,No,No,0.2896,Low Risk
6664-FPDAC,Yes,No,0.2896,Low Risk
3419-SNJJD,Yes,No,0.2894,Low Risk
5172-MIGPM,No,No,0.2894,Low Risk
3445-HXXGF,Yes,No,0.2893,Low Risk
5243-SAOTC,No,No,0.2888,Low Risk
7821-DPRQE,No,No,0.2886,Low Risk
4188-FRABG,No,No,0.2886,Low Risk
9572-MTILT,Yes,No,0.2886,Low Risk
2886-KEFUM,Yes,No,0.2886,Low Risk
6847-KJLTS,No,No,0.2885,Low Risk
9356-AXGMP,No,No,0.2885,Low Risk
7030-NJVDP,No,No,0.2885,Low Risk
7245-JMTTQ,No,No,0.2883,Low Risk
0419-YAAPX,No,No,0.2877,Low Risk
0295-QVKPB,No,No,0.2875,Low Risk
8919-FYFQZ,Yes,No,0.2872,Low Risk
2921-XWDJH,No,No,0.287,Low Risk
3733-LSYCE,No,No,0.287,Low Risk
5146-CBVOE,No,No,0.287,Low Risk
0326-VDYXE,No,No,0.2869,Low Risk
3780-YVMFA,No,No,0.2868,Low Risk
2834-SPCJV,Yes,No,0.2866,Low Risk
0201-OAMXR,Yes,No,0.2865,Low Risk
1357-BIJKI,No,No,0.2865,Low Risk
2806-MLNTI,No,No,0.2861,Low Risk
7916-VCCPB,No,No,0.286,Low Risk
8910-LEDAG,No,No,0.2857,Low Risk
7594-LZNWR,No,No,0.2857,Low Risk
8751-EDEKA,No,No,0.2856,Low Risk
9350-VLHMB,No,No,0.2855,Low Risk
9360-AHGNL,Yes,No,0.2853,Low Risk
2105-PHWON,No,No,0.2847,Low Risk
4797-AXPXK,Yes,No,0.2846,Low Risk
9584-EXCDZ,No,No,0.2843,Low Risk
3509-GWQGF,No,No,0.2842,Low Risk
8705-DWKTI,No,No,0.2835,Low Risk
6353-BRMMA,No,No,0.2834,Low Risk
3717-OFRTN,No,No,0.2831,Low Risk
7926-IJOOU,No,No,0.2831,Low Risk
2576-HXMPA,No,No,0.2831,Low Risk
2220-IAHLS,No,No,0.2831,Low Risk
8562-GHPPI,No,No,0.2831,Low Risk
1194-SPVSP,No,No,0.2831,Low Risk
2684-EIWEO,Yes,No,0.2829,Low Risk
6217-TOWGS,No,No,0.2828,Low Risk
5371-VYLSX,No,No,0.2828,Low Risk
3090-QFUVD,No,No,0.2826,Low Risk
3873-NFTGI,No,No,0.2825,Low Risk
8267-KFGYD,No,No,0.2825,Low Risk
3162-ZJZFU,No,No,0.2821,Low Risk
9445-ZUEQE,No,No,0.282,Low Risk
1784-EZDKJ,No,No,0.282,Low Risk
6029-CSMJE,No,No,0.2819,Low Risk
1559-DTODC,No,No,0.2819,Low Risk
0327-WFZSY,No,No,0.2814,Low Risk
3814-MLAXC,Yes,No,0.2814,Low Risk
6818-WOBHJ,Yes,No,0.2812,Low Risk
2181-UAESM,No,No,0.2811,Low Risk
9688-YGXVR,No,No,0.2811,Low Risk
0471-ARVMX,No,No,0.2811,Low Risk
4468-YDOVK,No,No,0.281,Low Risk
4256-ZWTZI,No,No,0.281,Low Risk
6257-RJOHI,No,No,0.281,Low Risk
1215-FIGMP,No,No,0.2809,Low Risk
2144-BFDSO,No,No,0.2808,Low Risk
3657-COGMW,No,No,0.2808,Low Risk
4983-CLMLV,No,No,0.2806,Low Risk
5898-IGSLP,No,No,0.2804,Low Risk
5707-ORNDZ,Yes,No,0.2803,Low Risk
7632-MNYOY,Yes,No,0.2803,Low Risk
0015-UOCOJ,No,No,0.2803,Low Risk
1855-AGAWH,No,No,0.2802,Low Risk
3689-MOZGR,No,No,0.2801,Low Risk
2239-JALAW,Yes,No,0.2801,Low Risk
4010-YLMVT,No,No,0.2795,Low Risk
1750-CSKKM,Yes,No,0.2795,Low Risk
4007-NHVHI,No,No,0.2793,Low Risk
3144-KMTWZ,No,No,0.2792,Low Risk
9909-IDLEK,No,No,0.2789,Low Risk
1849-RJYIG,No,No,0.2785,Low Risk
0843-WTBXE,Yes,No,0.2784,Low Risk
9026-LHEVG,No,No,0.2782,Low Risk
6745-JEFZB,No,No,0.2777,Low Risk
2252-JHJGE,No,No,0.2776,Low Risk
2346-DJQTB,No,No,0.2776,Low Risk
0420-BWTPW,Yes,No,0.2773,Low Risk
1228-ZLNBX,No,No,0.2771,Low Risk
0980-PVMRC,No,No,0.2765,Low Risk
5060-TQUQN,No,No,0.2765,Low Risk
0311-QYWSS,No,No,0.2759,Low Risk
9644-UMGQA,No,No,0.2759,Low Risk
4324-BZCKL,No,No,0.2759,Low Risk
4918-FYJNT,No,No,0.2754,Low Risk
9842-EFSYY,No,No,0.2752,Low Risk
4628-CTTLA,Yes,No,0.2749,Low Risk
3154-CFSZG,No,No,0.2747,Low Risk
2011-TRQYE,Yes,No,0.2747,Low Risk
1049-FYSYG,No,No,0.2747,Low Risk
5274-XHAKY,No,No,0.2746,Low Risk
5016-ETTFF,Yes,No,0.2744,Low Risk
5423-BHIXO,No,No,0.2741,Low Risk
5433-KYGHE,No,No,0.2735,Low Risk
7549-MYGPK,Yes,No,0.2732,Low Risk
8982-NHAVY,No,No,0.2726,Low Risk
0880-FVFWF,No,No,0.2724,Low Risk
7246-ZGQDF,No,No,0.2722,Low Risk
4636-JGAAI,No,No,0.2721,Low Risk
7554-AKDQF,No,No,0.2719,Low Risk
4647-XXZAM,No,No,0.2719,Low Risk
1644-IRKSF,Yes,No,0.2718,Low Risk
7909-FIOIY,No,No,0.2716,Low Risk
9862-KJTYK,No,No,0.2716,Low Risk
7929-DMBCV,No,No,0.2711,Low Risk
9058-HRZSV,No,No,0.271,Low Risk
7576-JMYWV,No,No,0.2709,Low Risk
9544-PYPSJ,No,No,0.2706,Low Risk
5076-YVXCM,No,No,0.2706,Low Risk
0595-ITUDF,No,No,0.2701,Low Risk
1564-HJUVY,No,No,0.2699,Low Risk
6038-GCYEC,Yes,No,0.2697,Low Risk
6067-NGCEU,No,No,0.2696,Low Risk
2929-QNSRW,Yes,No,0.2695,Low Risk
4931-TRZWN,No,No,0.2694,Low Risk
0520-FDVVT,Yes,No,0.2694,Low Risk
7077-XJMET,No,No,0.2693,Low Risk
7798-JVXYM,No,No,0.2693,Low Risk
7067-KSAZT,Yes,No,0.2693,Low Risk
4462-CYWMH,No,No,0.2692,Low Risk
1047-NNCBF,No,No,0.269,Low Risk
9206-GVPEQ,Yes,No,0.2688,Low Risk
1170-SASML,No,No,0.2686,Low Risk
6410-LEFEN,Yes,No,0.2684,Low Risk
4950-BDEUX,No,No,0.2684,Low Risk
9233-PSYHO,No,No,0.2682,Low Risk
9693-XMUOB,No,No,0.268,Low Risk
1732-VHUBQ,Yes,No,0.2678,Low Risk
0587-DMGBH,Yes,No,0.2675,Low Risk
1907-YLNYW,No,No,0.2675,Low Risk
0668-OGMHD,No,No,0.2668,Low Risk
5882-CMAZQ,No,No,0.2665,Low Risk
9776-OJUZI,No,No,0.266,Low Risk
0742-MOABM,Yes,No,0.266,Low Risk
1935-IMVBB,No,No,0.2659,Low Risk
5939-XAIXZ,No,No,0.2659,Low Risk
5149-TGWDZ,No,No,0.2658,Low Risk
8404-FYDIB,No,No,0.2656,Low Risk
8189-HBVRW,No,No,0.2654,Low Risk
5174-ITUMV,No,No,0.2654,Low Risk
5073-WXOYN,Yes,No,0.2653,Low Risk
7722-CVFXN,No,No,0.2651,Low Risk
7544-ZVIKX,No,No,0.2647,Low Risk
9170-CCKOU,Yes,No,0.2646,Low Risk
2522-AHJXR,No,No,0.2646,Low Risk
0899-WZRSD,No,No,0.2646,Low Risk
2455-USLMV,No,No,0.2644,Low Risk
1442-BQPVU,No,No,0.264,Low Risk
2894-QOJRX,Yes,No,0.2639,Low Risk
9761-XUJWD,No,No,0.2637,Low Risk
3170-GWYKC,No,No,0.2634,Low Risk
2139-FQHLM,No,No,0.2633,Low Risk
1074-AMIOH,No,No,0.263,Low Risk
2267-WTPYD,No,No,0.263,Low Risk
0913-XWSCN,No,No,0.2629,Low Risk
8749-JMNKX,Yes,No,0.2629,Low Risk
5337-IIWKZ,No,No,0.2627,Low Risk
8450-JOVAH,Yes,No,0.2626,Low Risk
2858-EIMXH,No,No,0.2623,Low Risk
7669-LCRSD,No,No,0.2622,Low Risk
1357-MVDOZ,No,No,0.2622,Low Risk
6859-RKMZJ,No,No,0.2622,Low Risk
9089-UOWJG,No,No,0.2622,Low Risk
1448-CYWKC,No,No,0.2621,Low Risk
8065-BVEPF,No,No,0.262,Low Risk
5188-HGMLP,No,No,0.2618,Low Risk
0691-JVSYA,Yes,No,0.2617,Low Risk
5370-IIVVL,No,No,0.2617,Low Risk
3956-CJUST,No,No,0.2613,Low Risk
0380-NEAVX,No,No,0.2613,Low Risk
6284-KMNUF,No,No,0.2609,Low Risk
1596-BBVTG,Yes,No,0.2605,Low Risk
1217-VASWC,No,No,0.2605,Low Risk
0228-MAUWC,No,No,0.2603,Low Risk
7074-STDCN,No,No,0.2601,Low Risk
5136-GFPMB,No,No,0.2598,Low Risk
6773-LQTVT,No,No,0.2597,Low Risk
8108-UXRQN,No,No,0.2594,Low Risk
1169-SAOCL,No,No,0.2594,Low Risk
1020-JPQOW,No,No,0.2593,Low Risk
5002-GCQFH,No,No,0.2593,Low Risk
5981-ZVXOT,No,No,0.2593,Low Risk
6050-IJRHS,No,No,0.2591,Low Risk
0856-NAOES,No,No,0.2587,Low Risk
6985-HAYWX,No,No,0.2587,Low Risk
5949-EBSQK,Yes,No,0.2586,Low Risk
3537-HPKQT,No,No,0.2586,Low Risk
2810-FTLEM,Yes,No,0.2586,Low Risk
8205-MQUGY,No,No,0.2586,Low Risk
5445-GLVOT,No,No,0.2586,Low Risk
5553-AOINX,No,No,0.2585,Low Risk
1061-PNTHC,No,No,0.2583,Low Risk
1996-DBMUS,No,No,0.2583,Low Risk
7426-GSWPO,No,No,0.2582,Low Risk
7537-CBQUZ,No,No,0.2582,Low Risk
2208-NQBCT,No,No,0.2581,Low Risk
3113-IWHLC,No,No,0.258,Low Risk
7009-LGECI,No,No,0.258,Low Risk
2075-RMJIK,No,No,0.258,Low Risk
4905-JEFDW,Yes,No,0.2578,Low Risk
2267-FPIMA,No,No,0.2574,Low Risk
2279-AXJJK,No,No,0.2571,Low Risk
8201-AAXCB,No,No,0.2569,Low Risk
7621-VPNET,No,No,0.2566,Low Risk
7426-WEIJX,No,No,0.2565,Low Risk
4195-SMMNX,Yes,No,0.2564,Low Risk
4767-HZZHQ,No,No,0.2563,Low Risk
6807-SIWJI,No,No,0.2563,Low Risk
3583-KRKMD,No,No,0.256,Low Risk
0867-LDTTC,No,No,0.2559,Low Risk
1956-YIFGE,No,No,0.2556,Low Risk
5924-IFQTT,No,No,0.2555,Low Risk
5886-VLQVU,No,No,0.2554,Low Risk
3424-NMNBO,Yes,No,0.2552,Low Risk
1550-LOAHA,Yes,No,0.2552,Low Risk
4452-QIIEB,No,No,0.2551,Low Risk
1658-XUHBX,No,No,0.2551,Low Risk
0929-PECLO,No,No,0.2551,Low Risk
0799-DDIHE,No,No,0.2545,Low Risk
4640-UHDOS,Yes,No,0.2545,Low Risk
2293-IJWPS,No,No,0.2545,Low Risk
0257-ZESQC,Yes,No,0.2541,Low Risk
5136-KCKGI,Yes,No,0.2539,Low Risk
4628-WQCQQ,Yes,No,0.2536,Low Risk
4232-JGKIY,No,No,0.2535,Low Risk
8992-CEUEN,No,No,0.2535,Low Risk
2378-HTWFW,No,No,0.2526,Low Risk
0003-MKNFE,No,No,0.2523,Low Risk
0639-TSIQW,Yes,No,0.2521,Low Risk
9052-VKDUW,No,No,0.252,Low Risk
7103-IPXPJ,No,No,0.2519,Low Risk
4070-OKWVH,No,No,0.2519,Low Risk
9501-UKKNL,No,No,0.2518,Low Risk
0356-ERHVT,No,No,0.2516,Low Risk
2957-LOLHO,Yes,No,0.2516,Low Risk
1600-DILPE,No,No,0.2516,Low Risk
9873-MNDKV,No,No,0.2516,Low Risk
7272-QDCKA,No,No,0.2514,Low Risk
5649-VUKMC,Yes,No,0.2514,Low Risk
7133-VBDCG,Yes,No,0.2511,Low Risk
0282-NVSJS,No,No,0.251,Low Risk
0691-IFBQW,Yes,No,0.2508,Low Risk
3190-XFANI,Yes,No,0.2506,Low Risk
7572-KPVKK,No,No,0.2504,Low Risk
2826-UWHIS,No,No,0.2504,Low Risk
6686-YPGHK,Yes,No,0.2504,Low Risk
7047-FWEYA,No,No,0.2501,Low Risk
8980-WQFWL,No,No,0.2498,Low Risk
4450-YOOHP,No,No,0.2496,Low Risk
2027-OAQQC,Yes,No,0.2496,Low Risk
1853-ARAAQ,No,No,0.2496,Low Risk
8444-WRIDW,Yes,No,0.2495,Low Risk
6218-KNUBD,No,No,0.2494,Low Risk
4673-KKSLS,No,No,0.2494,Low Risk
0621-HJWXJ,No,No,0.2492,Low Risk
5402-HTOTQ,No,No,0.2486,Low Risk
3413-DHLPB,No,No,0.2483,Low Risk
5046-NUHWD,No,No,0.2483,Low Risk
1591-NFNLQ,Yes,No,0.2482,Low Risk
6952-OMNWB,No,No,0.2481,Low Risk
3541-ZNUHK,No,No,0.2479,Low Risk
8878-RYUKI,No,No,0.2475,Low Risk
9481-SFCQY,No,No,0.2474,Low Risk
3055-OYMSE,No,No,0.2473,Low Risk
4250-WAROZ,No,No,0.2471,Low Risk
6825-UYPFK,Yes,No,0.2471,Low Risk
3717-LNXKW,No,No,0.247,Low Risk
2111-DWYHN,No,No,0.2469,Low Risk
4320-QMLLA,No,No,0.2468,Low Risk
4393-RYCRE,No,No,0.2468,Low Risk
8329-GWVPJ,No,No,0.2465,Low Risk
7124-UGSUR,Yes,No,0.2465,Low Risk
2000-MPKCA,No,No,0.2462,Low Risk
9821-BESNZ,No,No,0.2461,Low Risk
3763-GCZHZ,Yes,No,0.2461,Low Risk
5568-DMXZS,No,No,0.2457,Low Risk
4226-KKDON,No,No,0.2457,Low Risk
9835-ZIITK,Yes,No,0.2456,Low Risk
4791-QRGMF,Yes,No,0.2454,Low Risk
4695-VADHF,Yes,No,0.2454,Low Risk
2080-SRCDE,No,No,0.2451,Low Risk
5701-SVCWR,No,No,0.2451,Low Risk
1041-RXHRA,Yes,No,0.2451,Low Risk
1370-GGAWX,No,No,0.245,Low Risk
8791-GFXLZ,No,No,0.2449,Low Risk
5287-QWLKY,Yes,No,0.2448,Low Risk
2189-UXTKY,Yes,No,0.2447,Low Risk
5828-DWPIL,No,No,0.2445,Low Risk
7148-XZPHA,No,No,0.2443,Low Risk
7850-VWJUU,No,No,0.2442,Low Risk
0080-OROZO,No,No,0.2441,Low Risk
6629-LADHQ,No,No,0.2441,Low Risk
4323-SADQS,Yes,No,0.244,Low Risk
6572-ADKRS,No,No,0.2439,Low Risk
0836-SEYLU,Yes,No,0.2438,Low Risk
2115-BFTIW,Yes,No,0.2436,Low Risk
0617-FHSGK,Yes,No,0.2436,Low Risk
7128-GGCNO,No,No,0.2436,Low Risk
7993-NQLJE,No,No,0.2435,Low Risk
4501-VCPFK,No,No,0.2435,Low Risk
2408-TZMJL,Yes,No,0.243,Low Risk
1169-WCVAK,No,No,0.2429,Low Risk
4580-TMHJU,Yes,No,0.2425,Low Risk
1958-RNRKS,No,No,0.2425,Low Risk
8773-HHUOZ,Yes,No,0.2421,Low Risk
9327-QSDED,No,No,0.242,Low Risk
9943-VSZUV,No,No,0.2418,Low Risk
8679-JOEVF,Yes,No,0.2418,Low Risk
3999-WRNGR,No,No,0.2418,Low Risk
8267-ZNYVZ,Yes,No,0.2418,Low Risk
7203-OYKCT,No,No,0.2417,Low Risk
3898-GUYTS,No,No,0.2415,Low Risk
7016-BPGEU,Yes,No,0.2413,Low Risk
8799-OXZMD,No,No,0.2413,Low Risk
4310-KEDTB,No,No,0.2413,Low Risk
6743-HHQPF,No,No,0.2413,Low Risk
6345-HOVES,No,No,0.2413,Low Risk
8495-LJDFO,No,No,0.2413,Low Risk
5336-UFNZP,No,No,0.2411,Low Risk
3865-QBWSJ,No,No,0.241,Low Risk
4360-QRAVE,No,No,0.2403,Low Risk
1984-FCOWB,Yes,No,0.2401,Low Risk
5600-PDUJF,No,No,0.2401,Low Risk
7742-MYPGI,No,No,0.2401,Low Risk
1213-NGCUN,Yes,No,0.2401,Low Risk
3683-QKIUE,Yes,No,0.2401,Low Risk
1110-KYLGQ,No,No,0.2393,Low Risk
7041-TXQJH,No,No,0.2393,Low Risk
6288-LBEAR,No,No,0.2393,Low Risk
1502-XFCVR,Yes,No,0.2391,Low Risk
1360-JYXKQ,No,No,0.2389,Low Risk
6360-SVNWV,No,No,0.2389,Low Risk
3870-MQAMG,Yes,No,0.2386,Low Risk
6917-YACBP,No,No,0.2386,Low Risk
6627-CFOSN,No,No,0.2383,Low Risk
1518-VOWAV,Yes,No,0.2381,Low Risk
4194-WHFCB,No,No,0.2379,Low Risk
2436-QBZFP,No,No,0.2377,Low Risk
5649-TJHOV,Yes,No,0.2375,Low Risk
5201-USSQZ,No,No,0.2374,Low Risk
3946-JEWRQ,No,No,0.2374,Low Risk
0618-XWMSS,Yes,No,0.2373,Low Risk
4472-VESGY,No,No,0.2372,Low Risk
3584-WKTTW,No,No,0.237,Low Risk
1485-YDHMM,No,No,0.237,Low Risk
2924-KHUVI,No,No,0.2367,Low Risk
5575-TPIZQ,No,No,0.2365,Low Risk
0811-GSDTP,No,No,0.2364,Low Risk
2479-BRAMR,Yes,No,0.2364,Low Risk
3572-UOLYZ,No,No,0.2359,Low Risk
2673-CXQEU,No,No,0.2355,Low Risk
2172-EJXVF,No,No,0.2353,Low Risk
2480-EJWYP,No,No,0.2353,Low Risk
0215-BQKGS,No,No,0.2353,Low Risk
3845-FXCYS,No,No,0.2352,Low Risk
9415-TPKRV,No,No,0.2348,Low Risk
2988-PLAHS,No,No,0.2348,Low Risk
9373-WSLOY,No,No,0.2347,Low Risk
1205-WNWPJ,Yes,No,0.2344,Low Risk
9210-IAHGH,Yes,No,0.2344,Low Risk
9169-BSVIN,No,No,0.2343,Low Risk
2937-FTHUR,No,No,0.2341,Low Risk
6874-SGLHU,No,No,0.2339,Low Risk
9974-JFBHQ,No,No,0.2337,Low Risk
7251-XFOIL,No,No,0.2337,Low Risk
8399-YNDCH,Yes,No,0.2336,Low Risk
9254-RBFON,Yes,No,0.2335,Low Risk
0237-YFUTL,No,No,0.2334,Low Risk
7075-BNDVQ,No,No,0.2331,Low Risk
9142-KZXOP,No,No,0.233,Low Risk
6689-VRRTK,No,No,0.2329,Low Risk
0523-VNGTF,No,No,0.2326,Low Risk
1193-RTSLK,Yes,No,0.2324,Low Risk
9500-LTVBP,No,No,0.2323,Low Risk
3090-LETTY,No,No,0.232,Low Risk
4913-EHYUI,Yes,No,0.2312,Low Risk
7302-ZHMHP,No,No,0.231,Low Risk
6569-KTMDU,No,No,0.231,Low Risk
1015-OWJKI,No,No,0.231,Low Risk
1663-MHLHE,No,No,0.231,Low Risk
9441-QHEVC,No,No,0.231,Low Risk
9975-SKRNR,No,No,0.231,Low Risk
5651-WYIPH,No,No,0.2309,Low Risk
4350-ZTLPI,No,No,0.2308,Low Risk
7409-JURKQ,No,No,0.2308,Low Risk
5443-SCMKX,No,No,0.2305,Low Risk
7957-RYHQD,Yes,No,0.2305,Low Risk
0959-WHOKV,No,No,0.2304,Low Risk
2085-BOJKI,No,No,0.2304,Low Risk
3373-YZZYM,No,No,0.2302,Low Risk
6486-LHTMA,No,No,0.23,Low Risk
3733-ZEECP,No,No,0.2299,Low Risk
6397-JNZZG,Yes,No,0.2298,Low Risk
7905-TVXTA,No,No,0.2298,Low Risk
2190-BCXEC,No,No,0.2298,Low Risk
3694-DELSO,No,No,0.2296,Low Risk
0103-CSITQ,No,No,0.2291,Low Risk
4097-YODCF,No,No,0.229,Low Risk
3714-JTVOV,Yes,No,0.2289,Low Risk
8148-BPLZQ,No,No,0.2287,Low Risk
3570-YUEKJ,No,No,0.2287,Low Risk
0512-FLFDW,No,No,0.2287,Low Risk
8976-OQHGT,Yes,No,0.2286,Low Risk
3842-QTGDL,No,No,0.2283,Low Risk
0130-SXOUN,No,No,0.2283,Low Risk
5616-PRTNT,Yes,No,0.2283,Low Risk
5740-YHGTW,No,No,0.2279,Low Risk
4374-YMUSQ,No,No,0.2279,Low Risk
6897-UUBNU,No,No,0.2278,Low Risk
2826-DXLQO,No,No,0.2274,Low Risk
3604-WLABM,No,No,0.2273,Low Risk
5780-INQIK,No,No,0.2273,Low Risk
8963-JLGJT,No,No,0.2272,Low Risk
7550-WIQVA,No,No,0.2269,Low Risk
4439-YRNVD,No,No,0.2268,Low Risk
4307-KWMXE,No,No,0.2268,Low Risk
7966-YOTQW,No,No,0.2265,Low Risk
7694-VLBWQ,Yes,No,0.2264,Low Risk
4710-FDUIZ,Yes,No,0.2264,Low Risk
5071-FBJFS,No,No,0.2263,Low Risk
8388-FYNPZ,No,No,0.2263,Low Risk
2391-SOORI,Yes,No,0.2263,Low Risk
8715-KKTFG,No,No,0.2262,Low Risk
2257-BOVXD,No,No,0.2259,Low Risk
3325-FUYCG,Yes,No,0.2259,Low Risk
8229-MYEJZ,No,No,0.2259,Low Risk
5438-QMDDL,No,No,0.2257,Low Risk
2750-BJLSB,No,No,0.2256,Low Risk
1409-PHXTF,No,No,0.2255,Low Risk
8952-WCVCD,No,No,0.2254,Low Risk
6804-GDMOI,Yes,No,0.2253,Low Risk
2796-UUZZO,No,No,0.2252,Low Risk
9518-RWHZL,Yes,No,0.2247,Low Risk
5708-EVONK,Yes,No,0.2246,Low Risk
7872-RDDLZ,No,No,0.2244,Low Risk
3030-YZADT,Yes,No,0.2242,Low Risk
4608-LCIMN,No,No,0.2242,Low Risk
8455-HIRAQ,No,No,0.2242,Low Risk
1465-LNTLJ,No,No,0.2241,Low Risk
2460-FPSYH,Yes,No,0.2241,Low Risk
7740-BTPUX,No,No,0.2239,Low Risk
7530-HDYDS,Yes,No,0.2237,Low Risk
5802-ADBRC,No,No,0.2236,Low Risk
0877-SDMBN,Yes,No,0.2236,Low Risk
6777-TGHTM,Yes,No,0.2236,Low Risk
0471-LVHGK,Yes,No,0.2232,Low Risk
3466-WAESX,No,No,0.2229,Low Risk
6253-WRFHY,No,No,0.2226,Low Risk
6854-EXGSF,No,No,0.2225,Low Risk
6297-NOOPG,No,No,0.2224,Low Risk
8049-WJCLQ,No,No,0.2224,Low Risk
2927-QRRQV,No,No,0.2224,Low Risk
3982-DQLUS,No,No,0.2223,Low Risk
7136-RVDTZ,Yes,No,0.222,Low Risk
9701-CDXHR,No,No,0.2215,Low Risk
2585-KTFRE,No,No,0.2215,Low Risk
1297-VQDRP,No,No,0.2212,Low Risk
2359-QWQUL,Yes,No,0.2211,Low Risk
9700-ISPUP,No,No,0.2211,Low Risk
5136-RGMZO,No,No,0.2211,Low Risk
4607-CHPCA,Yes,No,0.221,Low Risk
3256-EZDBI,No,No,0.2209,Low Risk
5074-FBGHB,No,No,0.2208,Low Risk
4138-NAXED,No,No,0.2208,Low Risk
2731-GJRDG,No,No,0.2204,Low Risk
2911-UREFD,Yes,No,0.2204,Low Risk
2669-QVCRG,No,No,0.2204,Low Risk
1803-BGNBD,No,No,0.2203,Low Risk
1353-LJWEM,No,No,0.2203,Low Risk
3620-MWJNE,No,No,0.2201,Low Risk
4753-PADAS,No,No,0.2201,Low Risk
9375-MHRRS,No,No,0.2199,Low Risk
9774-NRNAU,No,No,0.2197,Low Risk
9780-FKVVF,No,No,0.2194,Low Risk
8901-HJXTF,Yes,No,0.2193,Low Risk
3164-YAXFY,No,No,0.2192,Low Risk
5067-XJQFU,No,No,0.2191,Low Risk
1335-HQMKX,No,No,0.2191,Low Risk
1091-SOZGA,No,No,0.2191,Low Risk
9419-IPPBE,No,No,0.219,Low Risk
2475-MROZF,No,No,0.219,Low Risk
5778-BVOFB,No,No,0.2188,Low Risk
0260-ZDLGK,Yes,No,0.2188,Low Risk
0013-MHZWF,No,No,0.2188,Low Risk
7869-ZYDST,No,No,0.2188,Low Risk
8979-CAMGB,No,No,0.2186,Low Risk
8199-ZLLSA,Yes,No,0.2185,Low Risk
0406-BPDVR,Yes,No,0.2184,Low Risk
4789-KWMXN,Yes,No,0.2184,Low Risk
5056-FIMPT,No,No,0.2184,Low Risk
3815-SLMEF,Yes,No,0.2184,Low Risk
3594-KADLU,No,No,0.2184,Low Risk
6351-SCJKT,No,No,0.2184,Low Risk
4826-TZEVA,No,No,0.2179,Low Risk
4685-ERGHK,No,No,0.2175,Low Risk
3164-AALRN,Yes,No,0.2174,Low Risk
3301-LSLWQ,No,No,0.2173,Low Risk
6131-FOYAS,No,No,0.2173,Low Risk
3858-XHYJO,No,No,0.2166,Low Risk
9342-VNIMQ,No,No,0.2162,Low Risk
7410-KTVFV,Yes,No,0.2162,Low Risk
3255-GRXMG,No,No,0.2162,Low Risk
6954-OOYZZ,No,No,0.2162,Low Risk
5843-TTHGI,No,No,0.2162,Low Risk
2828-SLQPF,No,No,0.2162,Low Risk
4456-RHSNB,No,No,0.2162,Low Risk
6425-YQLLO,Yes,No,0.2156,Low Risk
7683-CBDKJ,Yes,No,0.2156,Low Risk
7109-MFBYV,No,No,0.2156,Low Risk
2207-OBZNX,Yes,No,0.2154,Low Risk
1848-LBZHY,No,No,0.2154,Low Risk
9828-QHFBK,No,No,0.2152,Low Risk
9881-VCZEP,No,No,0.2152,Low Risk
4450-MDZFX,No,No,0.2151,Low Risk
6967-QIQRV,No,No,0.2149,Low Risk
7611-YKYTC,No,No,0.2145,Low Risk
2250-IVBWA,No,No,0.2143,Low Risk
2272-JKMSI,No,No,0.2141,Low Risk
1135-HIORI,No,No,0.2141,Low Risk
1089-HDMKP,No,No,0.214,Low Risk
8904-OPDCK,No,No,0.214,Low Risk
6614-VBEGU,No,No,0.2138,Low Risk
9844-FELAJ,No,No,0.2136,Low Risk
0487-RPVUM,No,No,0.2136,Low Risk
5334-JLAXU,No,No,0.2136,Low Risk
1596-OQSPS,No,No,0.2135,Low Risk
8967-SZQAS,No,No,0.2135,Low Risk
9163-GHAYE,No,No,0.2135,Low Risk
6097-EQISJ,Yes,No,0.2134,Low Risk
3522-CDKHF,No,No,0.2132,Low Risk
0678-RLHVP,No,No,0.2132,Low Risk
0575-CUQOV,No,No,0.2131,Low Risk
5651-CPDND,No,No,0.2129,Low Risk
8095-WANWK,No,No,0.2129,Low Risk
0961-ZWLVI,No,No,0.2127,Low Risk
0822-QGCXA,No,No,0.2127,Low Risk
4132-POCZS,No,No,0.2126,Low Risk
6281-FKEWS,No,No,0.2126,Low Risk
6633-SYEUS,No,No,0.2124,Low Risk
6483-OATDN,No,No,0.2122,Low Risk
7879-CGSFV,No,No,0.2122,Low Risk
1698-XFZCI,No,No,0.2122,Low Risk
7950-XWOVN,No,No,0.212,Low Risk
6128-DAFVY,No,No,0.2118,Low Risk
3656-TKRVZ,Yes,No,0.2117,Low Risk
6728-VOIFY,No,No,0.2115,Low Risk
7989-VCQOH,No,No,0.2114,Low Risk
7776-QWNFX,Yes,No,0.211,Low Risk
8849-PRIQJ,No,No,0.2105,Low Risk
4016-BJKTZ,No,No,0.2103,Low Risk
2087-QAREY,No,No,0.2102,Low Risk
4827-USJHP,No,No,0.2102,Low Risk
7459-RRWQZ,Yes,No,0.2102,Low Risk
6769-DCQLI,Yes,No,0.21,Low Risk
2716-GFZOR,No,No,0.2098,Low Risk
4957-TREIR,No,No,0.2097,Low Risk
4080-OGPJL,Yes,No,0.2096,Low Risk
3413-CSSTH,No,No,0.2095,Low Risk
3920-HIHMQ,No,No,0.2095,Low Risk
6270-OMFIW,Yes,No,0.2088,Low Risk
0774-IFUVM,No,No,0.2087,Low Risk
1394-SUIUH,No,No,0.2086,Low Risk
6549-NNDYT,No,No,0.2085,Low Risk
2995-UPRYS,Yes,No,0.2081,Low Risk
9481-IEBZY,No,No,0.2078,Low Risk
6647-ZEDXT,No,No,0.2078,Low Risk
1794-SWWKL,No,No,0.2077,Low Risk
6537-OTKMY,No,No,0.2074,Low Risk
8547-NSBBO,No,No,0.2074,Low Risk
4800-CZMPC,Yes,No,0.2073,Low Risk
5180-UCIIQ,Yes,No,0.2073,Low Risk
3842-IYKUE,Yes,No,0.2069,Low Risk
9099-FTUHS,No,No,0.2066,Low Risk
7766-CLTIC,No,No,0.2064,Low Risk
3639-XJHKQ,No,No,0.2063,Low Risk
8992-VONJD,No,No,0.2063,Low Risk
7054-ENNGU,No,No,0.2063,Low Risk
6821-JPCDC,No,No,0.2061,Low Risk
6839-ITVZJ,Yes,No,0.2058,Low Risk
1703-MGIAB,No,No,0.2057,Low Risk
7398-LXGYX,No,No,0.2057,Low Risk
8868-GAGIO,No,No,0.2057,Low Risk
5827-MWCZK,No,No,0.2057,Low Risk
7776-QGYJC,No,No,0.2057,Low Risk
7989-AWGEH,No,No,0.2056,Low Risk
2931-XIQBR,No,No,0.2054,Low Risk
9825-YCXWZ,No,No,0.2054,Low Risk
8190-ZTQFB,No,No,0.2054,Low Risk
3606-SBKRY,No,No,0.2054,Low Risk
2195-VVRJF,No,No,0.2054,Low Risk
0898-XCGTF,No,No,0.2053,Low Risk
5533-RJFTJ,No,No,0.2049,Low Risk
2676-OXPPQ,No,No,0.2046,Low Risk
7740-KKCXF,No,No,0.2046,Low Risk
5630-AHZIL,No,No,0.2044,Low Risk
0807-ZABDG,Yes,No,0.2044,Low Risk
8257-RZAHR,Yes,No,0.2044,Low Risk
2586-CWXVV,No,No,0.204,Low Risk
2792-VPPET,No,No,0.204,Low Risk
3195-TQDZX,No,No,0.204,Low Risk
9396-ZSFLL,No,No,0.2034,Low Risk
3253-HKOKL,No,No,0.2033,Low Risk
5619-PTMIK,No,No,0.2033,Low Risk
0423-UDIJQ,No,No,0.2027,Low Risk
9079-LWTFD,No,No,0.2027,Low Risk
6341-AEVKX,No,No,0.2022,Low Risk
5732-IKGQH,No,No,0.2021,Low Risk
6507-DTJZV,No,No,0.2021,Low Risk
4925-LMHOK,Yes,No,0.2019,Low Risk
5846-QFDFI,No,No,0.2013,Low Risk
2709-UQGNP,No,No,0.2013,Low Risk
3126-WQMGH,No,No,0.2011,Low Risk
5201-FRKKS,No,No,0.2007,Low Risk
0187-WZNAB,No,No,0.2007,Low Risk
2153-MREFK,Yes,No,0.2006,Low Risk
1986-PHGZF,No,No,0.2005,Low Risk
4816-OKWNX,No,No,0.2005,Low Risk
0603-OLQDC,No,No,0.2004,Low Risk
4118-CEVPF,No,No,0.2003,Low Risk
8433-WPJTV,No,No,0.2003,Low Risk
3528-HFRIQ,No,No,0.2003,Low Risk
2533-TIBIX,No,No,0.2001,Low Risk
7188-CBBBA,No,No,0.2,Low Risk
5734-EJKXG,No,No,0.1999,Low Risk
2530-FMFXO,No,No,0.1997,Low Risk
3756-VNWDH,No,No,0.1989,Low Risk
2778-OCLGR,Yes,No,0.1987,Low Risk
8548-AWOFC,No,No,0.1986,Low Risk
5206-XZZQI,No,No,0.1985,Low Risk
7319-VENRZ,No,No,0.1983,Low Risk
0330-BGYZE,No,No,0.1983,Low Risk
9489-UTFKA,No,No,0.1982,Low Risk
0991-BRRFB,Yes,No,0.1977,Low Risk
9651-GTSAQ,Yes,No,0.1976,Low Risk
2157-MXBJS,Yes,No,0.1975,Low Risk
7721-JXEAW,Yes,No,0.1974,Low Risk
6624-JDRDS,No,No,0.1973,Low Risk
7343-EOBEU,No,No,0.1972,Low Risk
4987-GQWPO,No,No,0.1972,Low Risk
4819-HJPIW,No,No,0.1972,Low Risk
6344-SFJVH,No,No,0.1972,Low Risk
1625-JAIIY,Yes,No,0.1971,Low Risk
4939-KYYPY,No,No,0.197,Low Risk
2284-VFLKH,No,No,0.1969,Low Risk
0191-ZHSKZ,No,No,0.1967,Low Risk
3209-ZPKFI,No,No,0.1965,Low Risk
7134-MJPDY,No,No,0.1965,Low Risk
4250-ZBWLV,Yes,No,0.1964,Low Risk
4402-FTBXC,No,No,0.1963,Low Risk
5285-MVEHD,No,No,0.1962,Low Risk
5897-ZYEKH,No,No,0.1961,Low Risk
1324-NLTJE,Yes,No,0.196,Low Risk
5811-IWXYM,No,No,0.1959,Low Risk
5949-HGVJL,No,No,0.1959,Low Risk
3521-MNKLV,No,No,0.1957,Low Risk
9103-TCIHJ,Yes,No,0.1955,Low Risk
6620-JDYNW,No,No,0.1955,Low Risk
6008-NAIXK,No,No,0.1951,Low Risk
9659-ZTWSM,No,No,0.195,Low Risk
2045-BMBTJ,No,No,0.195,Low Risk
0365-TRTPY,No,No,0.1948,Low Risk
8634-CILSZ,Yes,No,0.1947,Low Risk
2722-VOJQL,Yes,No,0.1947,Low Risk
5440-VHLUL,No,No,0.1947,Low Risk
4619-EVPHY,No,No,0.1945,Low Risk
4324-AHJKS,No,No,0.1945,Low Risk
6994-FGRHH,No,No,0.1944,Low Risk
2305-MRGLV,No,No,0.1939,Low Risk
6211-WHMYA,No,No,0.1939,Low Risk
0036-IHMOT,No,No,0.1939,Low Risk
6733-LRIZX,No,No,0.1937,Low Risk
5133-VRSAB,No,No,0.1935,Low Risk
9705-IOVQQ,No,No,0.1933,Low Risk
6749-UTDVX,No,No,0.1925,Low Risk
3313-QKNKB,Yes,No,0.1923,Low Risk
0058-EVZWM,No,No,0.1922,Low Risk
9591-YVTEB,No,No,0.1921,Low Risk
1428-IEDPR,No,No,0.1919,Low Risk
8033-ATFAS,No,No,0.1919,Low Risk
0239-OXEXL,No,No,0.1918,Low Risk
7619-ODSGN,Yes,No,0.1917,Low Risk
1114-CENIM,Yes,No,0.1917,Low Risk
0292-WEGCH,No,No,0.1916,Low Risk
6429-SHBCB,No,No,0.1915,Low Risk
4832-VRBMR,No,No,0.1914,Low Risk
7921-LMDFQ,No,No,0.1913,Low Risk
3179-GBRWV,No,No,0.1913,Low Risk
2604-XVDAM,No,No,0.1913,Low Risk
3566-VVORZ,No,No,0.1913,Low Risk
1685-VAYJF,No,No,0.1913,Low Risk
3893-JRNFS,No,No,0.1911,Low Risk
2782-JEEBU,No,No,0.191,Low Risk
3723-BFBGR,No,No,0.1909,Low Risk
6849-OYAMU,Yes,No,0.1908,Low Risk
7502-BNYGS,No,No,0.1903,Low Risk
5447-WZAFP,No,No,0.1902,Low Risk
2843-CQMEG,No,No,0.1902,Low Risk
8961-QDZZJ,No,No,0.1901,Low Risk
3199-NPKCN,No,No,0.19,Low Risk
6723-WSNTY,No,No,0.1899,Low Risk
4323-OHFOW,No,No,0.1899,Low Risk
0516-WJVXC,Yes,No,0.1899,Low Risk
1360-XFJMR,No,No,0.1896,Low Risk
2692-AQCPF,No,No,0.1896,Low Risk
2560-PPCHE,No,No,0.1896,Low Risk
5309-TAIKL,No,No,0.1896,Low Risk
0186-CAERR,No,No,0.1896,Low Risk
1545-ACTAS,No,No,0.1892,Low Risk
9139-WQQDY,Yes,No,0.1892,Low Risk
6791-YBNAK,No,No,0.1891,Low Risk
2419-FSORS,No,No,0.1888,Low Risk
8263-OKETD,No,No,0.1886,Low Risk
5469-CTCWN,Yes,No,0.1884,Low Risk
6583-SZVGP,No,No,0.1882,Low Risk
9391-YZEJW,No,No,0.188,Low Risk
8740-XLHDR,Yes,No,0.1876,Low Risk
7799-DSEWS,No,No,0.1874,Low Risk
9402-CXWPL,No,No,0.1873,Low Risk
0440-QEXBZ,No,No,0.187,Low Risk
9795-VOWON,No,No,0.1868,Low Risk
2294-DMMUS,No,No,0.1868,Low Risk
4945-RVMTE,No,No,0.1867,Low Risk
6797-UCJHZ,No,No,0.1867,Low Risk
0786-IVLAW,No,No,0.1867,Low Risk
1215-VFYVK,No,No,0.1866,Low Risk
8722-NGNBH,Yes,No,0.1866,Low Risk
6366-XIVKZ,No,No,0.1864,Low Risk
0156-FVPTA,Yes,No,0.1859,Low Risk
0909-SDHNU,No,No,0.1856,Low Risk
1346-PJWTK,No,No,0.1853,Low Risk
9101-BWFSS,Yes,No,0.1851,Low Risk
8023-QHAIO,No,No,0.1847,Low Risk
4701-MLJPN,Yes,No,0.1846,Low Risk
9115-YQHGA,No,No,0.1846,Low Risk
7446-KQISO,No,No,0.1845,Low Risk
6261-LHRTG,No,No,0.1844,Low Risk
3391-JSQEW,No,No,0.1844,Low Risk
2898-LSJGD,Yes,No,0.1844,Low Risk
3863-QSTYI,No,No,0.1843,Low Risk
4455-BFSPD,No,No,0.1843,Low Risk
9494-BDNNC,No,No,0.1842,Low Risk
3016-KSVCP,No,No,0.1842,Low Risk
8421-WZOOW,No,No,0.1841,Low Risk
2229-VWQJH,No,No,0.184,Low Risk
3316-UWXUY,No,No,0.1838,Low Risk
3865-ZYKAD,No,No,0.1835,Low Risk
6713-OKOMC,No,No,0.1834,Low Risk
7824-PANSQ,No,No,0.1831,Low Risk
8984-EYLLL,No,No,0.1827,Low Risk
4081-DYXAV,Yes,No,0.1827,Low Risk
7595-EHCDL,No,No,0.1826,Low Risk
5325-UWTWJ,No,No,0.1823,Low Risk
0136-IFMYD,No,No,0.1823,Low Risk
4833-QTJNO,No,No,0.1823,Low Risk
3807-BPOMJ,No,No,0.1822,Low Risk
0440-MOGPM,No,No,0.1815,Low Risk
5569-IDSEY,No,No,0.1815,Low Risk
4869-EPIUS,No,No,0.1815,Low Risk
3472-OAOOR,No,No,0.1811,Low Risk
8213-TAZPM,No,No,0.1808,Low Risk
1017-FBQMM,No,No,0.1808,Low Risk
8561-NMTBD,No,No,0.1808,Low Risk
6465-GSRCL,No,No,0.1808,Low Risk
8920-NAVAY,No,No,0.1808,Low Risk
1575-KRZZE,No,No,0.1807,Low Risk
7241-AJHFS,No,No,0.1804,Low Risk
0853-NWIFK,No,No,0.1801,Low Risk
0917-EZOLA,Yes,No,0.1801,Low Risk
7854-EDSSA,Yes,No,0.18,Low Risk
2740-JFBOK,No,No,0.1798,Low Risk
7610-TVOPG,No,No,0.1798,Low Risk
4672-FOTSD,No,No,0.1798,Low Risk
7607-QKKTJ,No,No,0.1797,Low Risk
6386-SZZKH,Yes,No,0.1797,Low Risk
2452-SNHFZ,No,No,0.1795,Low Risk
8082-GHXOP,No,No,0.1795,Low Risk
3640-JQGJG,No,No,0.1795,Low Risk
8735-IJJEG,No,No,0.1795,Low Risk
8008-ESFLK,No,No,0.1794,Low Risk
1174-FGIFN,No,No,0.1794,Low Risk
4525-VZCZG,No,No,0.1792,Low Risk
5025-GOOKI,No,No,0.1792,Low Risk
8457-XIGKN,No,No,0.1792,Low Risk
3629-WEAAM,No,No,0.1791,Low Risk
6959-GQEGV,No,No,0.1791,Low Risk
9700-ZCLOT,No,No,0.179,Low Risk
1051-GEJLJ,No,No,0.179,Low Risk
0883-EIBTI,Yes,No,0.179,Low Risk
2659-VXMWZ,Yes,No,0.1789,Low Risk
3794-NFNCH,No,No,0.1784,Low Risk
1518-OMDIK,No,No,0.1784,Low Risk
8713-IGZSO,No,No,0.1784,Low Risk
7622-NXQZR,No,No,0.1782,Low Risk
7746-AWNQW,No,No,0.1782,Low Risk
2946-KIQSP,No,No,0.1782,Low Risk
2019-HDCZY,No,No,0.1781,Low Risk
2270-CHBFN,No,No,0.1779,Low Risk
0516-OOHAR,No,No,0.1779,Low Risk
6946-LMSQS,Yes,No,0.1776,Low Risk
7130-CTCUS,No,No,0.1776,Low Risk
3707-LRWZD,Yes,No,0.1773,Low Risk
8198-RKSZG,No,No,0.1773,Low Risk
8124-NZVGJ,No,No,0.1772,Low Risk
3128-YOVTD,No,No,0.1772,Low Risk
3097-IDVPU,No,No,0.177,Low Risk
8999-XXGNS,No,No,0.177,Low Risk
1104-FEJAM,No,No,0.1769,Low Risk
2474-LCNUE,No,No,0.1768,Low Risk
9633-DENPU,No,No,0.1767,Low Risk
2001-MCUUW,No,No,0.1767,Low Risk
5481-NTDOH,No,No,0.1763,Low Risk
4187-CINZD,Yes,No,0.1761,Low Risk
6447-GORXK,No,No,0.176,Low Risk
5202-IVJNU,Yes,No,0.176,Low Risk
3069-SSVSN,No,No,0.1759,Low Risk
8091-TTVAX,No,No,0.1758,Low Risk
9746-MDMBK,No,No,0.1757,Low Risk
9057-MSWCO,Yes,No,0.1756,Low Risk
3780-DDGSE,No,No,0.1756,Low Risk
8070-AAWZP,No,No,0.1756,Low Risk
4184-VODJZ,No,No,0.1754,Low Risk
2832-SCUCO,No,No,0.1754,Low Risk
8050-WYBND,No,No,0.1751,Low Risk
4646-QZXTF,No,No,0.1751,Low Risk
4080-IIARD,No,No,0.1749,Low Risk
0689-DSXGL,No,No,0.1747,Low Risk
0463-WZZKO,No,No,0.1746,Low Risk
2393-DIVAI,No,No,0.1746,Low Risk
1449-XQEMT,Yes,No,0.1746,Low Risk
7526-IVLYU,No,No,0.1746,Low Risk
1087-UDSIH,Yes,No,0.1746,Low Risk
1360-RCYRT,No,No,0.1745,Low Risk
8217-QYOHV,No,No,0.1743,Low Risk
1573-LGXBA,No,No,0.174,Low Risk
6475-VHUIZ,No,No,0.174,Low Risk
5921-NGYRH,No,No,0.174,Low Risk
4396-KLSEH,No,No,0.1739,Low Risk
3890-RTCMS,No,No,0.1738,Low Risk
5701-ZIKJE,No,No,0.1738,Low Risk
2272-UOINI,No,No,0.1736,Low Risk
1400-WIVLL,No,No,0.1734,Low Risk
9137-NOQKA,No,No,0.1734,Low Risk
1697-BCSHV,No,No,0.1733,Low Risk
5376-PCKNB,No,No,0.173,Low Risk
5639-NTUPK,No,No,0.173,Low Risk
9763-GRSKD,No,No,0.173,Low Risk
4316-XCSLJ,No,No,0.173,Low Risk
7639-SUPCW,Yes,No,0.173,Low Risk
5730-RIITO,No,No,0.173,Low Risk
0723-VSOBE,No,No,0.173,Low Risk
1492-QGCLU,No,No,0.1727,Low Risk
1867-TJHTS,No,No,0.1727,Low Risk
6873-UDNLD,No,No,0.1726,Low Risk
9833-TGFHX,No,No,0.1725,Low Risk
6898-MDLZW,No,No,0.1724,Low Risk
3927-NLNRY,Yes,No,0.1724,Low Risk
6137-MFAJN,No,No,0.1719,Low Risk
5527-ACHSO,No,No,0.1718,Low Risk
6207-WIOLX,Yes,No,0.1718,Low Risk
6305-YLBMM,Yes,No,0.1718,Low Risk
2165-VOEGB,Yes,No,0.1717,Low Risk
7854-EKTJL,Yes,No,0.1716,Low Risk
2320-SLKMB,No,No,0.1715,Low Risk
3259-FDWOY,Yes,No,0.1714,Low Risk
7446-YPODE,No,No,0.1712,Low Risk
7826-VVKWT,No,No,0.1712,Low Risk
0820-FNRNX,No,No,0.1708,Low Risk
5514-YQENT,No,No,0.1708,Low Risk
5312-IRCFR,No,No,0.1707,Low Risk
5542-DHSXL,No,No,0.1707,Low Risk
2055-SIFSS,No,No,0.1705,Low Risk
3410-MHHUM,No,No,0.1704,Low Risk
5748-RNCJT,Yes,No,0.1703,Low Risk
4683-WYDOU,No,No,0.1703,Low Risk
8930-XOTDP,No,No,0.1702,Low Risk
4338-EYCER,No,No,0.1702,Low Risk
7078-NVFAM,No,No,0.1701,Low Risk
1768-HNVGJ,No,No,0.17,Low Risk
3347-YJZZE,No,No,0.1699,Low Risk
1976-AZZPJ,No,No,0.1698,Low Risk
6576-FBXOJ,No,No,0.1698,Low Risk
3511-APPBJ,No,No,0.1698,Low Risk
3407-QGWLG,No,No,0.1697,Low Risk
0274-JKUJR,No,No,0.1697,Low Risk
6480-YAGIY,No,No,0.1696,Low Risk
4190-MFLUW,Yes,No,0.1696,Low Risk
8205-OTCHB,Yes,No,0.1695,Low Risk
9013-AQORL,No,No,0.1694,Low Risk
3466-BYAVD,No,No,0.1694,Low Risk
0409-WTMPL,No,No,0.1693,Low Risk
2446-ZKVAF,No,No,0.1692,Low Risk
1309-XGFSN,No,No,0.1692,Low Risk
1125-SNVCK,No,No,0.1691,Low Risk
1950-KSVVJ,No,No,0.169,Low Risk
0222-CNVPT,No,No,0.1689,Low Risk
8849-GYOKR,Yes,No,0.1683,Low Risk
9036-CSKBW,No,No,0.1683,Low Risk
4177-JPDFU,No,No,0.1682,Low Risk
1371-WEPDS,No,No,0.1682,Low Risk
5315-CKEQK,No,No,0.1681,Low Risk
3701-SFMUH,No,No,0.1677,Low Risk
5951-AOFIH,No,No,0.1676,Low Risk
9571-EDEBV,No,No,0.1675,Low Risk
8100-HZZLJ,No,No,0.1674,Low Risk
1470-PSXNM,No,No,0.1673,Low Risk
7055-VKGDA,Yes,No,0.1672,Low Risk
6198-PNNSZ,No,No,0.167,Low Risk
0431-APWVY,Yes,No,0.1669,Low Risk
6574-MCOEH,No,No,0.1669,Low Risk
0872-JCPIB,No,No,0.1667,Low Risk
9839-ETQOE,No,No,0.1665,Low Risk
7919-ZODZZ,No,No,0.1664,Low Risk
6603-QWSPR,No,No,0.1661,Low Risk
4851-BQDNX,No,No,0.1659,Low Risk
4524-QCSSM,No,No,0.1658,Low Risk
7402-PWYJJ,No,No,0.1657,Low Risk
7299-GNVPL,No,No,0.1656,Low Risk
4489-SNOJF,Yes,No,0.1654,Low Risk
4712-AUQZO,No,No,0.1653,Low Risk
3307-TLCUD,No,No,0.1653,Low Risk
9277-JOOMO,No,No,0.165,Low Risk
0442-ZXKVS,No,No,0.165,Low Risk
4003-FUSHP,No,No,0.1648,Low Risk
8992-OBVDG,No,No,0.1645,Low Risk
5174-RNGBH,Yes,No,0.1645,Low Risk
7716-YTYHG,Yes,No,0.1644,Low Risk
9314-QDMDW,No,No,0.1643,Low Risk
0193-ESZXP,Yes,No,0.1642,Low Risk
2432-TFSMK,No,No,0.1642,Low Risk
7856-GANIL,No,No,0.1639,Low Risk
1697-NVVGY,No,No,0.1636,Low Risk
8627-ZYGSZ,No,No,0.1636,Low Risk
2233-FAGXV,No,No,0.1635,Low Risk
0568-ONFPC,Yes,No,0.1635,Low Risk
8216-AZUUZ,No,No,0.1631,Low Risk
8734-FNWVH,No,No,0.1631,Low Risk
3450-WXOAT,No,No,0.163,Low Risk
0851-DFJKB,No,No,0.1629,Low Risk
9053-JZFKV,Yes,No,0.1628,Low Risk
2272-WUSPA,No,No,0.1626,Low Risk
2001-EWBQU,No,No,0.1626,Low Risk
3470-BTGQO,No,No,0.1625,Low Risk
7883-ROJOC,No,No,0.1625,Low Risk
5140-FOMCQ,No,No,0.1625,Low Risk
9107-UKCKY,No,No,0.1624,Low Risk
3097-PYWXL,No,No,0.1624,Low Risk
4693-VWVBO,No,No,0.1622,Low Risk
3744-ZBHON,No,No,0.1622,Low Risk
0268-QKIWO,Yes,No,0.1622,Low Risk
2908-ZTPNF,No,No,0.1622,Low Risk
0956-ACVZC,No,No,0.1622,Low Risk
0206-TBWLC,No,No,0.1622,Low Risk
9249-FXSCK,Yes,No,0.1622,Low Risk
4476-OSWTN,No,No,0.1619,Low Risk
2186-QZEYA,No,No,0.1617,Low Risk
5966-EMAZU,No,No,0.1617,Low Risk
6333-YDVLT,No,No,0.1617,Low Risk
2898-MRKPI,No,No,0.1616,Low Risk
1120-BMWUB,Yes,No,0.1615,Low Risk
4291-HYEBC,No,No,0.1615,Low Risk
5945-AZYHT,No,No,0.1613,Low Risk
8597-CWYHH,No,No,0.1612,Low Risk
1921-KYSAY,No,No,0.1611,Low Risk
6794-HKIAJ,No,No,0.161,Low Risk
9323-HGFWY,No,No,0.161,Low Risk
1134-YWTYF,No,No,0.1608,Low Risk
8111-BKVDS,No,No,0.1607,Low Risk
5154-VEKBL,Yes,No,0.1607,Low Risk
5206-HPJKM,No,No,0.1607,Low Risk
4510-PYUSH,Yes,No,0.1606,Low Risk
6907-CQGPN,No,No,0.1606,Low Risk
8812-ZRHFP,No,No,0.1605,Low Risk
0953-LGOVU,No,No,0.1605,Low Risk
1229-RCALF,No,No,0.1601,Low Risk
6497-TILVL,No,No,0.1601,Low Risk
5298-GSTLM,No,No,0.16,Low Risk
1024-KPRBB,No,No,0.1593,Low Risk
8644-XYTSV,No,No,0.1592,Low Risk
6993-YCOBK,No,No,0.1591,Low Risk
8133-ANHHJ,No,No,0.159,Low Risk
6981-TDRFT,No,No,0.1589,Low Risk
1422-DGUBX,No,No,0.1589,Low Risk
7905-NJMXS,No,No,0.1589,Low Risk
6837-HAEVO,No,No,0.1587,Low Risk
7605-SNLQG,No,No,0.1586,Low Risk
2817-NTQDO,Yes,No,0.1585,Low Risk
8756-RDDLT,No,No,0.1585,Low Risk
7470-DYNOE,No,No,0.1584,Low Risk
7629-WIXZF,No,No,0.1582,Low Risk
6469-MRVET,No,No,0.1581,Low Risk
2957-JIRMN,No,No,0.158,Low Risk
9822-BIIGN,No,No,0.1579,Low Risk
4250-FDVOU,Yes,No,0.1579,Low Risk
1131-SUEKT,No,No,0.1578,Low Risk
7673-LPRNY,No,No,0.1577,Low Risk
8182-PNAGI,Yes,No,0.1577,Low Risk
1322-AGOQM,Yes,No,0.1577,Low Risk
2308-STERM,No,No,0.1575,Low Risk
7940-UQQUG,No,No,0.1573,Low Risk
8292-TYSPY,Yes,No,0.1572,Low Risk
5366-OBVMR,No,No,0.1572,Low Risk
8707-HOEDG,No,No,0.1572,Low Risk
1395-OFUWC,No,No,0.157,Low Risk
2959-EEXWB,No,No,0.1569,Low Risk
4390-KYULV,Yes,No,0.1569,Low Risk
9039-ZVJDC,No,No,0.1569,Low Risk
6184-DYUOB,No,No,0.1569,Low Risk
2379-GYFLQ,No,No,0.1568,Low Risk
7880-XSOJX,No,No,0.1567,Low Risk
7636-XUHWW,No,No,0.1566,Low Risk
2640-LYMOV,No,No,0.1566,Low Risk
4986-MXSFP,No,No,0.1566,Low Risk
3007-FDPEA,No,No,0.1566,Low Risk
6942-LBFDP,No,No,0.1566,Low Risk
0871-OPBXW,No,No,0.1566,Low Risk
3594-IVHJZ,No,No,0.1566,Low Risk
3948-FVVRP,No,No,0.1564,Low Risk
3272-VUHPV,No,No,0.1564,Low Risk
5089-IFSDP,Yes,No,0.1563,Low Risk
4430-YHXGG,No,No,0.1563,Low Risk
3345-JHUEO,No,No,0.1562,Low Risk
3086-RUCRN,No,No,0.1561,Low Risk
1347-KTTTA,No,No,0.1558,Low Risk
6563-VNPMN,No,No,0.1554,Low Risk
9475-NNDGC,No,No,0.1553,Low Risk
8404-VLQFB,No,No,0.1553,Low Risk
9578-FOMUK,No,No,0.1553,Low Risk
6473-ULUHT,No,No,0.1552,Low Risk
8071-SBTRN,No,No,0.155,Low Risk
2732-ISEZX,No,No,0.155,Low Risk
5482-NUPNA,Yes,No,0.155,Low Risk
8375-KVTHK,No,No,0.1547,Low Risk
0567-GGCAC,No,No,0.1547,Low Risk
0743-HRVFF,No,No,0.1546,Low Risk
8706-HRADD,No,No,0.1545,Low Risk
2108-GLPQB,No,No,0.1545,Low Risk
4929-ROART,No,No,0.1545,Low Risk
0733-VUNUW,Yes,No,0.1542,Low Risk
0870-VEMYL,Yes,No,0.1541,Low Risk
7285-KLOTR,No,No,0.1538,Low Risk
4806-DXQCE,No,No,0.1537,Low Risk
3339-EAQNV,No,No,0.1533,Low Risk
8317-BVKSO,No,No,0.1532,Low Risk
8003-EWNDZ,No,No,0.1532,Low Risk
4486-EFAEB,No,No,0.1532,Low Risk
5624-RYAMH,No,No,0.1532,Low Risk
0096-FCPUF,No,No,0.1532,Low Risk
3758-CKOQL,No,No,0.1532,Low Risk
2830-LEWOA,No,No,0.1531,Low Risk
2155-AMQRX,No,No,0.153,Low Risk
0479-HMSWA,No,No,0.153,Low Risk
6227-FBDXH,No,No,0.1529,Low Risk
2748-MYRVK,Yes,No,0.1528,Low Risk
9308-ANMVE,No,No,0.1528,Low Risk
5198-EFNBM,No,No,0.1528,Low Risk
9069-LGEUL,No,No,0.1527,Low Risk
2234-XADUH,No,No,0.1526,Low Risk
4332-MUOEZ,No,No,0.1526,Low Risk
6655-LHBYW,No,No,0.1525,Low Risk
8671-KKKOS,No,No,0.1525,Low Risk
8679-LZBMD,No,No,0.1522,Low Risk
5446-DKWYW,No,No,0.1519,Low Risk
5537-UXXVS,No,No,0.1518,Low Risk
4701-AHWMW,Yes,No,0.1518,Low Risk
8017-UVSZU,No,No,0.1515,Low Risk
6214-EDAKZ,Yes,No,0.1515,Low Risk
2616-UUTFK,No,No,0.1513,Low Risk
2458-EOMRE,No,No,0.1513,Low Risk
5168-MQQCA,No,No,0.1511,Low Risk
7762-URZQH,Yes,No,0.1511,Low Risk
5155-AZQPB,No,No,0.1511,Low Risk
1666-JZPZT,No,No,0.1511,Low Risk
4422-QVIJA,No,No,0.1511,Low Risk
1684-FLBGS,No,No,0.151,Low Risk
4785-NKHCX,No,No,0.1509,Low Risk
1855-CFULU,No,No,0.1509,Low Risk
0719-SYFRB,Yes,No,0.1509,Low Risk
7868-BGSZA,No,No,0.1508,Low Risk
7811-JIVPF,No,No,0.1504,Low Risk
5311-IHLEI,No,No,0.1503,Low Risk
7803-XOCCZ,No,No,0.1503,Low Risk
5013-SBUIH,Yes,No,0.1501,Low Risk
0931-MHTEM,No,No,0.1499,Low Risk
4119-ZYPZY,No,No,0.1494,Low Risk
4544-RXFMG,No,No,0.1493,Low Risk
5014-WUQMG,No,No,0.149,Low Risk
5027-YOCXN,No,No,0.1488,Low Risk
5985-BEHZK,No,No,0.1487,Low Risk
6890-PFRQX,No,No,0.1485,Low Risk
6308-CQRBU,No,No,0.1484,Low Risk
4123-FCVCB,No,No,0.1481,Low Risk
0303-WMMRN,No,No,0.148,Low Risk
5144-PQCDZ,No,No,0.148,Low Risk
5712-VBOXD,No,No,0.148,Low Risk
7976-CICYS,No,No,0.148,Low Risk
0690-SRQID,No,No,0.148,Low Risk
3694-GLTJM,No,No,0.148,Low Risk
0580-PIQHM,No,No,0.1479,Low Risk
5832-EXGTT,No,No,0.1479,Low Risk
1710-RCXUS,No,No,0.1478,Low Risk
4495-LHSSK,No,No,0.1478,Low Risk
9863-JZAIC,Yes,No,0.1478,Low Risk
3537-RYBHH,No,No,0.1476,Low Risk
0939-EREMR,No,No,0.1476,Low Risk
9097-ZUBYC,No,No,0.1476,Low Risk
4377-VDHYI,No,No,0.1475,Low Risk
2834-JRTUA,Yes,No,0.1475,Low Risk
5186-EJEGL,No,No,0.1474,Low Risk
1732-FEKLD,No,No,0.1472,Low Risk
8663-UPDGF,No,No,0.1471,Low Risk
7317-GGVPB,Yes,No,0.147,Low Risk
8401-EMUWF,No,No,0.147,Low Risk
1163-ONYEY,No,No,0.147,Low Risk
8847-GEOOQ,No,No,0.1469,Low Risk
3160-TYXLT,No,No,0.1469,Low Risk
6383-ZTSIW,No,No,0.1468,Low Risk
8259-NFJTV,No,No,0.1467,Low Risk
8250-ZNGGW,No,No,0.1467,Low Risk
0257-KXZGU,No,No,0.1466,Low Risk
1679-JRFBR,No,No,0.1466,Low Risk
5473-KHBPS,No,No,0.1465,Low Risk
2091-MJTFX,Yes,No,0.1465,Low Risk
5766-XQXMQ,Yes,No,0.1463,Low Risk
1814-DKOLC,No,No,0.1463,Low Risk
0550-DCXLH,No,No,0.1461,Low Risk
2972-YDYUW,No,No,0.1461,Low Risk
2402-TAIRZ,No,No,0.1459,Low Risk
8294-UIMBA,No,No,0.1459,Low Risk
0447-BEMNG,Yes,No,0.1455,Low Risk
0137-UDEUO,Yes,No,0.1454,Low Risk
2621-UDNLU,No,No,0.1454,Low Risk
0030-FNXPP,No,No,0.1454,Low Risk
6776-TLWOI,Yes,No,0.1454,Low Risk
6734-CKRSM,No,No,0.1454,Low Risk
6394-HHHZM,No,No,0.1454,Low Risk
9770-LXDBK,No,No,0.1454,Low Risk
0178-CIIKR,No,No,0.1454,Low Risk
4160-AMJTL,Yes,No,0.1454,Low Risk
9820-RMCQV,Yes,No,0.1453,Low Risk
9496-IVVRP,No,No,0.1453,Low Risk
6661-EIPZC,No,No,0.1453,Low Risk
2056-EVGZL,No,No,0.145,Low Risk
7521-YXVZY,No,No,0.1448,Low Risk
7764-BDPEE,No,No,0.1448,Low Risk
1465-WCZVT,No,No,0.1448,Low Risk
4868-AADLV,No,No,0.1447,Low Risk
5066-GFJMM,No,No,0.1446,Low Risk
5223-UZAVK,No,No,0.1445,Low Risk
9817-APLHW,No,No,0.1445,Low Risk
3038-PQIUY,No,No,0.1443,Low Risk
3896-RCYYE,No,No,0.1443,Low Risk
3729-OWRVL,No,No,0.1441,Low Risk
2307-FYNNL,No,No,0.1441,Low Risk
9027-YFHQJ,No,No,0.1439,Low Risk
3865-YIOTT,No,No,0.1438,Low Risk
6231-WFGFH,No,No,0.1438,Low Risk
7874-ECPQJ,No,No,0.1438,Low Risk
0345-XMMUG,No,No,0.1438,Low Risk
7663-ZTEGJ,No,No,0.1435,Low Risk
8627-EHGIP,Yes,No,0.1431,Low Risk
8769-KKTPH,No,No,0.1431,Low Risk
9837-FWLCH,No,No,0.1428,Low Risk
5688-KZTSN,Yes,No,0.1428,Low Risk
7266-GSSJX,No,No,0.1428,Low Risk
3011-WQKSZ,No,No,0.1428,Low Risk
8044-BGWPI,No,No,0.1428,Low Risk
1410-RSCMR,No,No,0.1428,Low Risk
0314-TKOSI,No,No,0.1427,Low Risk
5153-LXKDT,No,No,0.1424,Low Risk
5440-FLBQG,Yes,No,0.1423,Low Risk
5968-XQIVE,No,No,0.1423,Low Risk
5876-HZVZM,Yes,No,0.1421,Low Risk
3192-NQECA,Yes,No,0.142,Low Risk
2773-OVBPK,No,No,0.142,Low Risk
5268-DSMNQ,No,No,0.1419,Low Risk
1621-YNCJH,No,No,0.1419,Low Risk
9786-IJYDL,No,No,0.1419,Low Risk
7036-TYDEC,No,No,0.1418,Low Risk
5151-HQRDG,No,No,0.1417,Low Risk
9554-DFKIC,No,No,0.1417,Low Risk
6994-ORCWG,No,No,0.1416,Low Risk
1153-GNOLC,No,No,0.1415,Low Risk
2696-ECXKC,No,No,0.1414,Low Risk
1163-VIPRI,No,No,0.1413,Low Risk
8945-MUQUF,Yes,No,0.1413,Low Risk
4726-DLWQN,No,No,0.1413,Low Risk
3948-XHGNA,Yes,No,0.1413,Low Risk
8150-QUDFX,No,No,0.1412,Low Risk
2303-PJYHN,No,No,0.1412,Low Risk
9101-NTIXF,No,No,0.1412,Low Risk
1925-LFCZZ,No,No,0.1411,Low Risk
4431-EDMIQ,No,No,0.141,Low Risk
3285-UCQVC,Yes,No,0.141,Low Risk
2887-JPYLU,No,No,0.1409,Low Risk
0842-IWYCP,No,No,0.1409,Low Risk
0655-YDGFJ,No,No,0.1409,Low Risk
1356-MKYSK,No,No,0.1408,Low Risk
0701-TJSEF,No,No,0.1405,Low Risk
5478-JJVZK,No,No,0.1402,Low Risk
8905-IAZPF,No,No,0.1401,Low Risk
2851-STERV,No,No,0.1401,Low Risk
0696-UKTOX,No,No,0.14,Low Risk
9074-KGVOX,No,No,0.14,Low Risk
5678-VFNEQ,No,No,0.1398,Low Risk
9114-AAFQH,No,No,0.1397,Low Risk
8746-OQQRW,No,No,0.1397,Low Risk
3523-QRQLL,Yes,No,0.1396,Low Risk
7036-ZZKBD,No,No,0.1395,Low Risk
2237-ZFSMY,Yes,No,0.1394,Low Risk
4710-NKCAW,No,No,0.1394,Low Risk
8417-GSODA,No,No,0.1392,Low Risk
5590-ZSKRV,No,No,0.1392,Low Risk
8963-MQVYN,No,No,0.1392,Low Risk
1699-HPSBG,Yes,No,0.1391,Low Risk
7614-QVWQL,Yes,No,0.1389,Low Risk
3059-NGMXB,No,No,0.1388,Low Risk
5307-UVGNB,No,No,0.1387,Low Risk
7080-TNUWP,No,No,0.1387,Low Risk
5360-LJCNJ,No,No,0.1383,Low Risk
6728-DKUCO,No,No,0.1382,Low Risk
6668-CNMFP,No,No,0.1382,Low Risk
7516-GMHUV,No,No,0.1382,Low Risk
4923-ADWXJ,No,No,0.1381,Low Risk
9488-FYQAU,No,No,0.1381,Low Risk
7519-JTWQH,No,No,0.1381,Low Risk
9330-VOFSZ,No,No,0.1381,Low Risk
9405-GPBBG,No,No,0.1381,Low Risk
9586-JGQKH,No,No,0.1381,Low Risk
3096-YXENJ,No,No,0.1381,Low Risk
8409-WQJUX,No,No,0.138,Low Risk
7789-CRUVC,No,No,0.1379,Low Risk
2065-MMKGR,No,No,0.1377,Low Risk
7129-AZJDE,No,No,0.1377,Low Risk
0384-RVBPI,No,No,0.1377,Low Risk
5686-CMAWK,No,No,0.1374,Low Risk
7361-YPXFS,No,No,0.1373,Low Risk
6469-QJKZW,No,No,0.1372,Low Risk
7395-XWZOY,No,No,0.1371,Low Risk
1376-HHBDV,No,No,0.1368,Low Risk
1247-QBVSH,No,No,0.1367,Low Risk
4353-HYOJD,No,No,0.1367,Low Risk
6345-ULYRW,Yes,No,0.1366,Low Risk
1352-VHKAJ,No,No,0.1366,Low Risk
0795-GMVQO,No,No,0.1364,Low Risk
2805-EDJPQ,No,No,0.1363,Low Risk
6968-MHOMU,No,No,0.1362,Low Risk
7661-CPURM,No,No,0.1362,Low Risk
4504-YOULA,No,No,0.1362,Low Risk
8901-UPRHR,No,No,0.136,Low Risk
0864-FVJNJ,No,No,0.1359,Low Risk
1629-DQQVB,No,No,0.1359,Low Risk
5760-WRAHC,No,No,0.1359,Low Risk
8166-ORCHU,No,No,0.1357,Low Risk
0748-RDGGM,Yes,No,0.1354,Low Risk
5294-IMHHT,No,No,0.1354,Low Risk
6738-ISCBM,No,No,0.1354,Low Risk
6865-JZNKO,No,No,0.1353,Low Risk
8224-IVVPA,No,No,0.1353,Low Risk
3022-BEXHZ,No,No,0.1351,Low Risk
9896-UYMIE,No,No,0.1349,Low Risk
4282-MSACW,No,No,0.1349,Low Risk
3680-CTHUH,No,No,0.1349,Low Risk
9695-IDRZR,No,No,0.1349,Low Risk
6476-YHMGA,No,No,0.1348,Low Risk
3941-XTSKM,No,No,0.1347,Low Risk
2212-LYASK,No,No,0.1347,Low Risk
0744-GKNGE,No,No,0.1346,Low Risk
1304-SEGFY,No,No,0.1346,Low Risk
5236-PERKL,Yes,No,0.1345,Low Risk
9972-VAFJJ,No,No,0.1344,Low Risk
9060-HJJRW,No,No,0.1341,Low Risk
6549-YMFAW,No,No,0.1341,Low Risk
4083-BFNYK,No,No,0.1339,Low Risk
7088-FBAWU,No,No,0.1339,Low Risk
7108-DGVUU,No,No,0.1338,Low Risk
5018-HEKFO,No,No,0.1337,Low Risk
1840-BIUOG,No,No,0.1337,Low Risk
8550-XSXUQ,No,No,0.1336,Low Risk
3703-TTEPD,No,No,0.1335,Low Risk
0887-WBJVH,No,No,0.1335,Low Risk
2259-OUUSZ,No,No,0.1334,Low Risk
0997-YTLNY,No,No,0.1332,Low Risk
1585-MQSSU,Yes,No,0.1332,Low Risk
7382-DFJTU,No,No,0.1332,Low Risk
3099-OONVS,No,No,0.1331,Low Risk
9143-CANJF,No,No,0.1331,Low Risk
2801-NISEI,No,No,0.1331,Low Risk
4908-XAXAY,No,No,0.133,Low Risk
8985-OOPOS,No,No,0.1327,Low Risk
8735-DCXNF,No,No,0.1327,Low Risk
1530-ZTDOZ,No,No,0.1325,Low Risk
9391-DXGGG,No,No,0.1325,Low Risk
3806-YAZOV,No,No,0.1323,Low Risk
3402-XRIUO,No,No,0.1322,Low Risk
0699-NDKJM,No,No,0.1321,Low Risk
6303-KFWSL,No,No,0.1321,Low Risk
8582-KRHPJ,No,No,0.132,Low Risk
9114-VEPUF,No,No,0.1319,Low Risk
9853-JFZDU,No,No,0.1319,Low Risk
7672-VFMXZ,No,No,0.1318,Low Risk
1852-XEMDW,No,No,0.1318,Low Risk
6806-YDEUL,No,No,0.1317,Low Risk
7718-UPSKJ,No,No,0.1317,Low Risk
3230-WYKIR,Yes,No,0.1316,Low Risk
8563-IIOXK,Yes,No,0.1314,Low Risk
6158-DWPZT,Yes,No,0.1314,Low Risk
0285-INHLN,No,No,0.1313,Low Risk
6682-QJDGB,Yes,No,0.1313,Low Risk
4616-ULAOA,No,No,0.1313,Low Risk
3642-GKTCT,No,No,0.1312,Low Risk
8894-JVDCV,No,No,0.1312,Low Risk
7750-EYXWZ,No,No,0.1307,Low Risk
7351-MHQVU,No,No,0.1306,Low Risk
6439-LAJXL,No,No,0.1305,Low Risk
7808-DVWEP,No,No,0.1302,Low Risk
6575-SUVOI,No,No,0.1302,Low Risk
9378-FXTIZ,Yes,No,0.1302,Low Risk
1442-OKRJE,No,No,0.1301,Low Risk
5445-PZWGX,Yes,No,0.1301,Low Risk
5562-YJQGT,No,No,0.13,Low Risk
8006-PYCSW,No,No,0.13,Low Risk
3936-QQFLL,No,No,0.13,Low Risk
5067-DGXLL,No,No,0.13,Low Risk
7017-VFULY,No,No,0.13,Low Risk
0188-GWFLE,No,No,0.13,Low Risk
0816-TSPHQ,No,No,0.13,Low Risk
0366-NQSHS,No,No,0.13,Low Risk
4237-CLSMM,No,No,0.13,Low Risk
2839-RFSQE,Yes,No,0.13,Low Risk
1796-JANOW,No,No,0.13,Low Risk
8739-QOTTN,No,No,0.13,Low Risk
5919-VCZYM,No,No,0.13,Low Risk
9818-XQCUV,No,No,0.13,Low Risk
0396-HUJBP,No,No,0.13,Low Risk
2342-CKIAO,No,No,0.13,Low Risk
6705-LNMDD,No,No,0.1297,Low Risk
7176-WRTNX,No,No,0.1297,Low Risk
7785-RDVIG,No,No,0.1297,Low Risk
3039-MJSLN,No,No,0.1297,Low Risk
0142-GVYSN,No,No,0.1297,Low Risk
1755-RMCXH,No,No,0.1294,Low Risk
2410-CIYFZ,No,No,0.1294,Low Risk
3156-QLHBO,No,No,0.1294,Low Risk
1121-QSIVB,No,No,0.1293,Low Risk
2599-CZABP,No,No,0.1293,Low Risk
3638-DIMPH,No,No,0.1293,Low Risk
2794-XIMMO,Yes,No,0.1292,Low Risk
5955-EPOAZ,No,No,0.1291,Low Risk
3221-CJMSG,No,No,0.1289,Low Risk
4926-UMJZD,No,No,0.1289,Low Risk
3428-MMGUB,No,No,0.1289,Low Risk
8400-WZICQ,No,No,0.1289,Low Risk
2363-BJLSL,No,No,0.1287,Low Risk
0048-LUMLS,No,No,0.1286,Low Risk
4903-UYAVB,Yes,No,0.1286,Low Risk
4140-WJAWW,Yes,No,0.1286,Low Risk
2439-QKJUL,No,No,0.1286,Low Risk
3977-QCRSL,No,No,0.1286,Low Risk
3363-EWLGO,No,No,0.1286,Low Risk
6377-KSLXC,No,No,0.1286,Low Risk
0278-YXOOG,Yes,No,0.1286,Low Risk
0308-GIQJT,No,No,0.1285,Low Risk
8402-EIVQS,No,No,0.1285,Low Risk
3090-HAWSU,Yes,No,0.1285,Low Risk
9426-SXNHE,No,No,0.1284,Low Risk
8565-HBFNN,No,No,0.1283,Low Risk
4418-LZMSV,No,No,0.1282,Low Risk
1557-EMYVT,No,No,0.1282,Low Risk
5382-TEMLV,No,No,0.1281,Low Risk
5193-QLVZB,No,No,0.1281,Low Risk
2739-CCZMB,No,No,0.128,Low Risk
6035-BXTTY,No,No,0.128,Low Risk
9391-LMANN,No,No,0.1278,Low Risk
8731-WBBMB,No,No,0.1277,Low Risk
8624-GIOUT,Yes,No,0.1277,Low Risk
2851-MMUTZ,No,No,0.1277,Low Risk
4627-MIHJH,No,No,0.1276,Low Risk
4676-MQUEA,No,No,0.1274,Low Risk
5240-CAOYT,No,No,0.1273,Low Risk
1004-NOZNR,No,No,0.1271,Low Risk
9909-DFRJA,No,No,0.1267,Low Risk
9788-YTFGE,No,No,0.1264,Low Risk
1386-ZIKUV,No,No,0.1264,Low Risk
8295-FHIVV,No,No,0.1264,Low Risk
2391-IPLOP,No,No,0.1263,Low Risk
2651-ZCBXV,No,No,0.1263,Low Risk
0052-DCKON,No,No,0.1263,Low Risk
1444-VVSGW,Yes,No,0.1263,Low Risk
1480-IVEVR,No,No,0.1263,Low Risk
0708-SJDIS,No,No,0.1263,Low Risk
1810-BOHSY,No,No,0.1262,Low Risk
5353-WILCI,No,No,0.1261,Low Risk
0289-IVARM,No,No,0.1261,Low Risk
1447-PJGGA,Yes,No,0.126,Low Risk
7839-NUIAA,No,No,0.126,Low Risk
2858-MOFSQ,Yes,No,0.1259,Low Risk
2978-XXSOG,No,No,0.1259,Low Risk
4283-IVYCI,No,No,0.1257,Low Risk
7797-EJMDP,No,No,0.1257,Low Risk
9033-EOXWV,Yes,No,0.1255,Low Risk
2988-QRAJY,No,No,0.1254,Low Risk
8099-MZPUJ,No,No,0.125,Low Risk
7083-YNSKY,Yes,No,0.1249,Low Risk
4827-LTQRJ,No,No,0.1249,Low Risk
1060-ENTOF,No,No,0.1249,Low Risk
9938-EKRGF,No,No,0.1249,Low Risk
1150-WFARN,Yes,No,0.1249,Low Risk
3766-EJLFL,No,No,0.1249,Low Risk
6368-NWMCE,No,No,0.1248,Low Risk
7143-BQIBA,No,No,0.1246,Low Risk
0895-LMRSF,No,No,0.1246,Low Risk
1116-DXXDF,No,No,0.1245,Low Risk
3981-QSVQI,No,No,0.1244,Low Risk
1614-JBEBI,No,No,0.1244,Low Risk
1385-TQOZW,No,No,0.1244,Low Risk
7140-ADSMJ,No,No,0.1244,Low Risk
9025-ZRPVR,Yes,No,0.1244,Low Risk
4365-MSDYN,No,No,0.1244,Low Risk
7089-XXAYG,No,No,0.1242,Low Risk
3682-YEUWS,No,No,0.1241,Low Risk
5084-OOVCJ,No,No,0.124,Low Risk
1142-IHLOO,No,No,0.1239,Low Risk
0396-UKGAI,No,No,0.1239,Low Risk
6941-KXRRV,No,No,0.1237,Low Risk
4785-QRJHC,Yes,No,0.1236,Low Risk
4389-UEFCZ,No,No,0.1235,Low Risk
6092-QZVPP,No,No,0.1235,Low Risk
4415-WNGVR,No,No,0.1233,Low Risk
4797-MIWUM,No,No,0.1227,Low Risk
5687-DKDTV,Yes,No,0.1226,Low Risk
9367-OIUXP,No,No,0.1226,Low Risk
8410-BGQXN,No,No,0.1226,Low Risk
4397-FRLTA,No,No,0.1226,Low Risk
2159-TURXX,No,No,0.1226,Low Risk
9986-BONCE,Yes,No,0.1226,Low Risk
3675-EQOZA,No,No,0.1226,Low Risk
1925-GMVBW,No,No,0.1226,Low Risk
6621-YOBKI,No,No,0.1226,Low Risk
9618-LFJRU,No,No,0.1226,Low Risk
5702-SKUOB,No,No,0.1226,Low Risk
1336-EZFZY,No,No,0.1226,Low Risk
4558-CGYCZ,No,No,0.1226,Low Risk
5578-NKCXI,No,No,0.1226,Low Risk
7163-OCEQI,No,No,0.1225,Low Risk
3863-IUBJR,Yes,No,0.1223,Low Risk
4541-RMRLG,Yes,No,0.1223,Low Risk
4860-YZGZM,No,No,0.1223,Low Risk
9294-TDIPC,No,No,0.1221,Low Risk
7219-TLZHO,No,No,0.1221,Low Risk
0031-PVLZI,Yes,No,0.1221,Low Risk
1257-SXUXQ,No,No,0.1221,Low Risk
9929-PLVPA,No,No,0.1221,Low Risk
9076-AXYIK,No,No,0.122,Low Risk
5795-KTGUD,No,No,0.1219,Low Risk
3786-WOVKF,No,No,0.1219,Low Risk
8819-ZBYNA,No,No,0.1217,Low Risk
3552-CTCYF,No,No,0.1217,Low Risk
9092-GDZKO,No,No,0.1217,Low Risk
2923-ARZLG,No,No,0.1215,Low Risk
4163-KIUHY,No,No,0.1215,Low Risk
2324-EFHVG,No,No,0.1212,Low Risk
9931-KGHOA,No,No,0.1212,Low Risk
2266-SJNAT,No,No,0.121,Low Risk
3709-OIJEA,No,No,0.1209,Low Risk
1735-XMJVH,No,No,0.1207,Low Risk
6599-GZWCM,No,No,0.1207,Low Risk
0484-FFVBJ,No,No,0.1205,Low Risk
2323-ARSVR,No,No,0.1204,Low Risk
9555-SAHUZ,No,No,0.1204,Low Risk
2632-IVXVF,No,No,0.1202,Low Risk
6990-YNRIO,Yes,No,0.1202,Low Risk
6734-FQAJX,No,No,0.1201,Low Risk
8350-NYMVI,No,No,0.1201,Low Risk
7663-CUXZB,No,No,0.1201,Low Risk
6075-QMNRR,No,No,0.12,Low Risk
1576-PFZIW,No,No,0.1199,Low Risk
1099-BTKWT,No,No,0.1198,Low Risk
1555-DJEQW,Yes,No,0.1198,Low Risk
0440-UEDAI,No,No,0.1197,Low Risk
1641-BYBTK,No,No,0.1195,Low Risk
3324-OIRTO,No,No,0.1194,Low Risk
6258-NGCNG,No,No,0.1191,Low Risk
9388-ZEYVT,No,No,0.1189,Low Risk
0128-MKWSG,No,No,0.1186,Low Risk
8809-RIHDD,Yes,No,0.1186,Low Risk
5995-OIGLP,Yes,No,0.1186,Low Risk
1202-KKGFU,No,No,0.1186,Low Risk
1891-QRQSA,No,No,0.1186,Low Risk
6726-WEXXK,No,No,0.1186,Low Risk
0960-HUWBM,No,No,0.1185,Low Risk
7105-MXJLL,No,No,0.1185,Low Risk
3104-OWCGK,Yes,No,0.1185,Low Risk
4355-CVPVS,No,No,0.1184,Low Risk
3096-WPXBT,No,No,0.1182,Low Risk
6202-DYYFX,No,No,0.1178,Low Risk
2150-UWTFY,Yes,No,0.1178,Low Risk
6784-XYJAE,No,No,0.1174,Low Risk
0114-RSRRW,No,No,0.1173,Low Risk
3847-BAERP,No,No,0.1173,Low Risk
8439-LTUGF,No,No,0.1173,Low Risk
9512-PHSMG,No,No,0.1173,Low Risk
4936-YPJNK,No,No,0.1173,Low Risk
7706-DZNKK,No,No,0.1173,Low Risk
3675-YDUPJ,No,No,0.1173,Low Risk
1784-BXEFA,No,No,0.1173,Low Risk
8910-ICHIU,No,No,0.1171,Low Risk
4759-PXTAN,No,No,0.1169,Low Risk
0117-LFRMW,Yes,No,0.1169,Low Risk
8741-LQOBK,No,No,0.1169,Low Risk
1097-FSPVW,No,No,0.1168,Low Risk
5872-OEQNH,No,No,0.1168,Low Risk
1159-WFSGR,No,No,0.1167,Low Risk
6648-INWPS,No,No,0.1167,Low Risk
3181-MIZBN,No,No,0.1167,Low Risk
5996-NRVXR,No,No,0.1166,Low Risk
3969-JQABI,No,No,0.1163,Low Risk
1543-LLLFT,No,No,0.1163,Low Risk
3633-CDBUW,No,No,0.1162,Low Risk
3092-IGHWF,Yes,No,0.1162,Low Risk
4385-ZKVNW,No,No,0.116,Low Risk
2408-PSJVE,No,No,0.116,Low Risk
4830-FAXFM,No,No,0.1159,Low Risk
1222-LRYKO,No,No,0.1157,Low Risk
4277-UDIEF,No,No,0.1154,Low Risk
7964-YESJC,No,No,0.1154,Low Risk
0665-XHDJU,No,No,0.1153,Low Risk
5269-NRGDP,No,No,0.1153,Low Risk
7208-PSIHR,No,No,0.1152,Low Risk
9259-PACGQ,Yes,No,0.1151,Low Risk
7459-IMVYU,No,No,0.1151,Low Risk
2338-BQEZT,No,No,0.1147,Low Risk
0308-IVGOK,No,No,0.1147,Low Risk
9128-CPXKI,No,No,0.1143,Low Risk
9831-BPFRI,Yes,No,0.1142,Low Risk
4795-WRNVT,No,No,0.114,Low Risk
4419-UJMUS,No,No,0.114,Low Risk
7123-WQUHX,No,No,0.1139,Low Risk
4182-BGSIQ,No,No,0.1138,Low Risk
7777-UNYHB,No,No,0.1138,Low Risk
7094-MSZAO,No,No,0.1138,Low Risk
4946-EDSEW,Yes,No,0.1138,Low Risk
4712-UYOOI,No,No,0.1137,Low Risk
5176-LDKUH,No,No,0.1136,Low Risk
1707-HABPF,No,No,0.1136,Low Risk
9978-HYCIN,No,No,0.1134,Low Risk
2486-WYVVE,No,No,0.1134,Low Risk
8659-HDIYE,No,No,0.1134,Low Risk
1452-XRSJV,No,No,0.1134,Low Risk
4072-IPYLT,No,No,0.1134,Low Risk
4011-ARPHK,No,No,0.1134,Low Risk
4501-UYKBC,No,No,0.1131,Low Risk
8591-NXRCV,No,No,0.1131,Low Risk
3351-NQLDI,Yes,No,0.113,Low Risk
7025-IWFHT,No,No,0.1129,Low Risk
6286-ZHAOK,No,No,0.1128,Low Risk
2371-KFUOG,No,No,0.1128,Low Risk
4895-TMWIR,Yes,No,0.1127,Low Risk
6322-PJJDJ,No,No,0.1127,Low Risk
3374-TTZTK,No,No,0.1126,Low Risk
9504-DSHWM,No,No,0.1125,Low Risk
8785-EPNCG,Yes,No,0.1123,Low Risk
6265-SXWBU,No,No,0.112,Low Risk
1730-VFMWO,No,No,0.1119,Low Risk
5012-YSPJJ,No,No,0.1119,Low Risk
4429-WYGFR,No,No,0.1119,Low Risk
6766-HFKLA,No,No,0.1119,Low Risk
3417-TSCIC,No,No,0.1118,Low Risk
1696-MZVAU,No,No,0.1118,Low Risk
7016-NVRIC,No,No,0.1114,Low Risk
5222-JCXZT,No,No,0.1113,Low Risk
7234-KMNRQ,No,No,0.1113,Low Risk
8652-YHIYU,No,No,0.1111,Low Risk
7596-LDUXP,No,No,0.1111,Low Risk
2023-VQFDL,No,No,0.111,Low Risk
1702-CCFNJ,No,No,0.111,Low Risk
6302-JGYRJ,Yes,No,0.111,Low Risk
0620-XEFWH,No,No,0.1108,Low Risk
0489-WMEMG,No,No,0.1108,Low Risk
1208-DNHLN,Yes,No,0.1107,Low Risk
0266-CLZKZ,No,No,0.1106,Low Risk
2577-GVSIL,No,No,0.1105,Low Risk
1591-MQJTP,No,No,0.1105,Low Risk
8319-QBEHW,No,No,0.1104,Low Risk
6296-DDOOR,No,No,0.1103,Low Risk
0098-BOWSO,No,No,0.1102,Low Risk
9470-RTWDV,No,No,0.1101,Low Risk
8041-TMEID,No,No,0.11,Low Risk
5448-VWNAM,No,No,0.1099,Low Risk
7159-NOKYQ,No,No,0.1099,Low Risk
8970-ANWXO,No,No,0.1098,Low Risk
8498-XXGWA,No,No,0.1097,Low Risk
5562-BETPV,No,No,0.1097,Low Risk
9677-AVKED,No,No,0.1096,Low Risk
1265-XTECC,Yes,No,0.1095,Low Risk
1237-WIYYZ,No,No,0.1095,Low Risk
9364-YKUVW,No,No,0.1095,Low Risk
2332-EFBJY,Yes,No,0.1095,Low Risk
6131-JLWZM,No,No,0.1095,Low Risk
8944-AILEF,No,No,0.1095,Low Risk
6112-KTHFQ,No,No,0.1095,Low Risk
0787-LHDYT,No,No,0.1095,Low Risk
2683-JXWQQ,No,No,0.1095,Low Risk
9609-BENEA,No,No,0.1095,Low Risk
4139-SUGLD,Yes,No,0.1095,Low Risk
7182-OVLBJ,No,No,0.1094,Low Risk
2239-CFOUJ,No,No,0.1094,Low Risk
9432-RUVSL,No,No,0.1094,Low Risk
7820-ZYGNY,No,No,0.1093,Low Risk
4129-LYCOI,No,No,0.1089,Low Risk
2925-MXLSX,No,No,0.1089,Low Risk
7107-UBYKY,No,No,0.1088,Low Risk
2129-ALKBS,No,No,0.1088,Low Risk
0584-BJQGZ,No,No,0.1088,Low Risk
7964-ZRKKG,No,No,0.1088,Low Risk
0824-VWDPO,No,No,0.1087,Low Risk
4692-NNQRU,No,No,0.1085,Low Risk
5756-JYOJT,No,No,0.1085,Low Risk
5236-XMZJY,No,No,0.1085,Low Risk
3714-XPXBW,No,No,0.1082,Low Risk
6752-APNJL,No,No,0.108,Low Risk
7013-PSXHK,No,No,0.108,Low Risk
9039-RBEEE,Yes,No,0.1079,Low Risk
3363-DTIVD,No,No,0.1077,Low Risk
4747-LCAQL,No,No,0.1077,Low Risk
5693-PIPCS,No,No,0.1075,Low Risk
0516-QREYC,No,No,0.107,Low Risk
6103-LIANB,No,No,0.1069,Low Risk
5555-RNPGT,No,No,0.1068,Low Risk
2746-DIJLO,No,No,0.1068,Low Risk
0533-UCAAU,No,No,0.1067,Low Risk
3623-FQBOX,No,No,0.1066,Low Risk
4623-ZKHLY,No,No,0.1066,Low Risk
9867-NNXLC,No,No,0.1066,Low Risk
3318-ISQFQ,No,No,0.1066,Low Risk
5850-BDWCY,No,No,0.1065,Low Risk
6972-SNKKW,No,No,0.1065,Low Risk
9970-QBCDA,No,No,0.1065,Low Risk
8053-WWDRO,Yes,No,0.1065,Low Risk
7787-BNTZM,No,No,0.1065,Low Risk
6490-FGZAT,No,No,0.1065,Low Risk
2928-HLDBA,No,No,0.1065,Low Risk
5837-LXSDN,No,No,0.1065,Low Risk
4328-VUFWD,No,No,0.1065,Low Risk
9644-KVCNC,No,No,0.1065,Low Risk
0594-UFTUL,No,No,0.1062,Low Risk
4054-CUMIA,No,No,0.1062,Low Risk
3752-CQSJI,No,No,0.1062,Low Risk
1345-GKDZZ,No,No,0.1061,Low Risk
3724-UCSHY,No,No,0.1061,Low Risk
4020-KIUDI,No,No,0.1061,Low Risk
3077-RSNTJ,No,No,0.1061,Low Risk
7623-HKYRK,No,No,0.1061,Low Risk
6164-HXUGH,No,No,0.1061,Low Risk
2958-NHPPS,No,No,0.106,Low Risk
0549-CYCQN,No,No,0.106,Low Risk
4000-VGMQP,No,No,0.1059,Low Risk
3070-BDOQC,No,No,0.1059,Low Risk
4079-VTGLK,No,No,0.1058,Low Risk
4274-DRSQT,No,No,0.1056,Low Risk
9362-MWODR,No,No,0.1056,Low Risk
7691-KGKGP,No,No,0.1054,Low Risk
0218-QNVAS,No,No,0.1054,Low Risk
8221-EQDGL,No,No,0.1053,Low Risk
7228-PAQPD,No,No,0.1053,Low Risk
3275-RHRNE,No,No,0.1052,Low Risk
1282-IHQAC,No,No,0.105,Low Risk
9577-WJVCQ,No,No,0.105,Low Risk
1984-GPTEH,No,No,0.1049,Low Risk
1744-JHKYS,No,No,0.1049,Low Risk
1171-TYKUR,No,No,0.1049,Low Risk
1140-UKVZG,No,No,0.1048,Low Risk
9546-KDTRB,No,No,0.1048,Low Risk
3571-DPYUH,No,No,0.1048,Low Risk
3617-XLSGQ,No,No,0.1047,Low Risk
5197-PYEPU,No,No,0.1046,Low Risk
7845-URHJN,Yes,No,0.1043,Low Risk
1009-IRMNA,Yes,No,0.1043,Low Risk
2320-YKQBO,No,No,0.1043,Low Risk
0310-VQXAM,No,No,0.1043,Low Risk
5396-IZEPB,No,No,0.1043,Low Risk
2791-SFVEW,No,No,0.1043,Low Risk
4083-EUGRJ,Yes,No,0.1043,Low Risk
5345-BMKWB,No,No,0.1043,Low Risk
6278-FEPBZ,No,No,0.1043,Low Risk
7727-SHVZV,No,No,0.1043,Low Risk
1383-EZRWL,Yes,No,0.1043,Low Risk
6671-NGWON,No,No,0.1043,Low Risk
3530-CRZSB,No,No,0.1043,Low Risk
4568-TTZRT,No,No,0.1043,Low Risk
0750-EKNGL,No,No,0.1043,Low Risk
5640-CAXOA,No,No,0.1043,Low Risk
2896-TBNBE,No,No,0.1043,Low Risk
5724-BIDBU,No,No,0.1042,Low Risk
4186-ZBUEW,No,No,0.1041,Low Risk
2798-NYLMZ,No,No,0.104,Low Risk
5539-HIVAK,No,No,0.104,Low Risk
9972-NKTFD,No,No,0.104,Low Risk
4002-BQWPQ,No,No,0.1039,Low Risk
4713-ZBURT,No,No,0.1039,Low Risk
2466-NEJOJ,No,No,0.1039,Low Risk
4732-RRJZC,No,No,0.1039,Low Risk
1850-AKQEP,No,No,0.1039,Low Risk
1045-LTCYT,No,No,0.1039,Low Risk
4801-KFYKL,No,No,0.1039,Low Risk
3012-VFFMN,No,No,0.1039,Low Risk
8735-NBLWT,No,No,0.1039,Low Risk
4694-PHWFW,No,No,0.1039,Low Risk
4765-OXPPD,Yes,No,0.1039,Low Risk
2717-HVIZY,No,No,0.1039,Low Risk
5774-XZTQC,No,No,0.1039,Low Risk
0723-FDLAY,No,No,0.1038,Low Risk
4423-JWZJN,No,No,0.1036,Low Risk
1264-FUHCX,No,No,0.1035,Low Risk
1064-FBXNK,No,No,0.1035,Low Risk
0377-JBKKT,No,No,0.1034,Low Risk
0134-XWXCE,No,No,0.1033,Low Risk
9738-QLWTP,No,No,0.1033,Low Risk
5150-LJNSR,No,No,0.1032,Low Risk
4139-JPIAM,No,No,0.1031,Low Risk
6732-FZUGP,No,No,0.103,Low Risk
5343-SGUBI,No,No,0.103,Low Risk
5709-LVOEQ,No,No,0.1029,Low Risk
7520-HQWJU,No,No,0.1028,Low Risk
3635-JBPSG,No,No,0.1027,Low Risk
7175-NTIXE,No,No,0.1026,Low Risk
8929-KSWIH,No,No,0.1025,Low Risk
1488-SYSFC,No,No,0.1024,Low Risk
9565-JSNFM,Yes,No,0.1023,Low Risk
8996-ZROXE,No,No,0.1022,Low Risk
8024-XNAFQ,No,No,0.1022,Low Risk
3244-CQPHU,No,No,0.1022,Low Risk
9138-EFSMO,No,No,0.1021,Low Risk
8591-TKMZH,No,No,0.1018,Low Risk
4778-IZARL,No,No,0.1017,Low Risk
4654-DLAMQ,No,No,0.1017,Low Risk
4742-DRORA,No,No,0.1017,Low Risk
5756-OZRIO,No,No,0.1014,Low Risk
6616-AALSR,No,No,0.1014,Low Risk
4075-JFPGR,No,No,0.1014,Low Risk
0297-RBCSG,No,No,0.1012,Low Risk
2202-OUTMO,No,No,0.1012,Low Risk
4719-UMSIY,No,No,0.1011,Low Risk
6906-MPARY,No,No,0.1011,Low Risk
8788-DOXSU,No,No,0.101,Low Risk
0607-MVMGC,No,No,0.1009,Low Risk
9200-NLNPD,No,No,0.1008,Low Risk
8467-WYNSR,No,No,0.1007,Low Risk
3327-YBAKM,No,No,0.1006,Low Risk
7233-IOQNP,No,No,0.0999,Low Risk
4189-NAKJS,No,No,0.0999,Low Risk
6408-OTUBZ,No,No,0.0999,Low Risk
8851-RAGOV,No,No,0.0998,Low Risk
7136-IHZJA,No,No,0.0998,Low Risk
2984-TBYKU,No,No,0.0997,Low Risk
4700-UBQMV,No,No,0.0996,Low Risk
9146-JRIOX,No,No,0.0996,Low Risk
7812-FZHPE,Yes,No,0.0996,Low Risk
0076-LVEPS,No,No,0.0996,Low Risk
6416-JNVRK,No,No,0.0995,Low Risk
8474-UMLNT,No,No,0.0994,Low Risk
6035-RIIOM,No,No,0.0994,Low Risk
3716-LRGXK,No,No,0.0993,Low Risk
6968-URWQU,No,No,0.0992,Low Risk
0002-ORFBO,No,No,0.0991,Low Risk
0661-KBKPA,No,No,0.0991,Low Risk
0565-JUPYD,No,No,0.099,Low Risk
5198-HQAEN,No,No,0.0985,Low Risk
9351-LZYGF,No,No,0.0984,Low Risk
7753-USQYQ,No,No,0.0984,Low Risk
9170-GYZJC,Yes,No,0.0984,Low Risk
8869-LIHMK,No,No,0.0984,Low Risk
2882-DDZPG,No,No,0.0983,Low Risk
6838-HVLXG,No,No,0.0983,Low Risk
9367-TCUYN,No,No,0.0983,Low Risk
8942-DBMHZ,No,No,0.0983,Low Risk
9932-WBWIK,No,No,0.0983,Low Risk
7531-GQHME,No,No,0.0983,Low Risk
1539-LNKHM,No,No,0.0983,Low Risk
2371-JUNGC,No,No,0.0983,Low Risk
9256-JTBNZ,No,No,0.0983,Low Risk
2428-ZMCTB,No,No,0.0983,Low Risk
0380-ZCSBI,No,No,0.0983,Low Risk
3750-RNQKR,No,No,0.0983,Low Risk
1563-IWQEX,No,No,0.0983,Low Risk
0750-EBAIU,No,No,0.0981,Low Risk
8107-RZLNV,No,No,0.098,Low Risk
5286-YHCVC,No,No,0.098,Low Risk
4822-LPTYJ,No,No,0.098,Low Risk
4023-RTIQM,No,No,0.0979,Low Risk
6778-JFCMK,No,No,0.0978,Low Risk
4063-EIKNQ,No,No,0.0978,Low Risk
0547-HURJB,No,No,0.0978,Low Risk
6861-OKBCE,Yes,No,0.0978,Low Risk
0208-BPQEJ,No,No,0.0978,Low Risk
6319-QSUSR,No,No,0.0978,Low Risk
6476-EPYZR,No,No,0.0978,Low Risk
8268-YDIXR,No,No,0.0978,Low Risk
6421-SZVEM,No,No,0.0977,Low Risk
5081-NWSUP,No,No,0.0977,Low Risk
0484-JPBRU,No,No,0.0977,Low Risk
0623-EJQEG,No,No,0.0977,Low Risk
0303-UNCIP,No,No,0.0977,Low Risk
7696-AMHOD,No,No,0.0977,Low Risk
1741-WTPON,No,No,0.0975,Low Risk
8016-ZMGMO,No,No,0.0975,Low Risk
8947-YRTDV,No,No,0.0974,Low Risk
9955-QOPOY,No,No,0.0974,Low Risk
0667-NSRGI,No,No,0.0974,Low Risk
1053-MXTTK,No,No,0.0972,Low Risk
5018-LXQQG,No,No,0.0971,Low Risk
9798-DRYDS,No,No,0.0971,Low Risk
3486-KHMLI,No,No,0.097,Low Risk
7217-JYHOQ,No,No,0.0968,Low Risk
9518-IMLHK,No,No,0.0967,Low Risk
1095-WGNGG,No,No,0.0966,Low Risk
7968-QUXNS,No,No,0.0966,Low Risk
9086-YJYXS,No,No,0.0965,Low Risk
4826-DXMUP,No,No,0.0963,Low Risk
6289-CPNLD,Yes,No,0.0963,Low Risk
0112-QWPNC,Yes,No,0.0962,Low Risk
5375-XLDOF,No,No,0.0961,Low Risk
5855-EIBDE,No,No,0.0961,Low Risk
6402-SSEJG,No,No,0.0958,Low Risk
4903-CNOZC,No,No,0.0957,Low Risk
8815-LMFLX,No,No,0.0956,Low Risk
4815-YOSUK,No,No,0.0955,Low Risk
1096-ADRUX,No,No,0.0953,Low Risk
4626-OZDTJ,No,No,0.0953,Low Risk
3597-YASZG,No,No,0.0952,Low Risk
5195-KPUNQ,No,No,0.095,Low Risk
5468-BPMMO,No,No,0.095,Low Risk
5546-BYZSM,No,No,0.095,Low Risk
8845-LWKGE,No,No,0.095,Low Risk
3181-VTHOE,No,No,0.0949,Low Risk
7432-FFVAR,No,No,0.0949,Low Risk
1898-JSNDC,No,No,0.0949,Low Risk
7707-PYBBH,No,No,0.0948,Low Risk
1090-PYKCI,No,No,0.0947,Low Risk
8865-TNMNX,No,No,0.0947,Low Risk
6728-CZFEI,No,No,0.0947,Low Risk
0022-TCJCI,Yes,No,0.0945,Low Risk
0254-FNMCI,No,No,0.0945,Low Risk
1991-VOPLL,No,No,0.0945,Low Risk
6979-TNDEU,No,No,0.0945,Low Risk
8080-POTJR,No,No,0.0944,Low Risk
0369-ZGOVK,No,No,0.0943,Low Risk
2758-RNWXS,No,No,0.0942,Low Risk
2639-UGMAZ,No,No,0.0942,Low Risk
1136-XGEQU,No,No,0.0941,Low Risk
1810-MVMAI,No,No,0.0941,Low Risk
8089-UZWLX,No,No,0.094,Low Risk
6050-FFXES,No,No,0.0939,Low Risk
2277-BKJKN,No,No,0.0937,Low Risk
3407-JMJQQ,No,No,0.0935,Low Risk
9309-BZGNT,No,No,0.0935,Low Risk
5832-TRLPB,No,No,0.0935,Low Risk
9402-ROUMJ,No,No,0.0932,Low Risk
4115-UMJFQ,No,No,0.093,Low Risk
2930-UOTMB,Yes,No,0.0929,Low Risk
9289-LBQVU,No,No,0.0929,Low Risk
3612-YUNGG,No,No,0.0928,Low Risk
3621-CHYVB,No,No,0.0926,Low Risk
5574-NXZIU,No,No,0.0925,Low Risk
7781-EWARA,No,No,0.0924,Low Risk
6103-QCKFX,No,No,0.0922,Low Risk
9782-LGXMC,No,No,0.0922,Low Risk
1936-UAFEH,No,No,0.0921,Low Risk
8085-MSNLK,No,No,0.0921,Low Risk
8480-PPONV,No,No,0.0921,Low Risk
4776-XSKYQ,No,No,0.092,Low Risk
9391-TTOYH,No,No,0.0919,Low Risk
7956-XQWGU,No,No,0.0919,Low Risk
8780-RSYYU,No,No,0.0919,Low Risk
8204-TIFGJ,No,No,0.0919,Low Risk
2120-SMPEX,No,No,0.0919,Low Risk
1527-SXDPN,Yes,No,0.0917,Low Risk
8821-KVZKQ,No,No,0.0917,Low Risk
7931-PXHFC,Yes,No,0.0916,Low Risk
1057-FOGLZ,No,No,0.0916,Low Risk
9967-ATRFS,No,No,0.0916,Low Risk
8246-SHFGA,No,No,0.0916,Low Risk
2223-KAGMX,Yes,No,0.0916,Low Risk
4770-QAZXN,No,No,0.0916,Low Risk
6082-GLJIX,No,No,0.0916,Low Risk
7542-CYDDM,No,No,0.0916,Low Risk
7998-ZLXWN,No,No,0.0916,Low Risk
4079-ULGFR,No,No,0.0916,Low Risk
8573-CGOCC,No,No,0.0916,Low Risk
0347-UBKUZ,No,No,0.0916,Low Risk
3061-BCKYI,No,No,0.0916,Low Risk
8138-EALND,No,No,0.0916,Low Risk
4881-GQJTW,No,No,0.0916,Low Risk
6040-CGACY,No,No,0.0916,Low Risk
3824-RHKVR,No,No,0.0916,Low Risk
6036-TTFYU,No,No,0.0916,Low Risk
5577-OTWWW,Yes,No,0.0916,Low Risk
4488-PSYCG,Yes,No,0.0916,Low Risk
6481-LXPWL,No,No,0.0915,Low Risk
7629-WFGLW,No,No,0.0913,Low Risk
7925-PNRGI,No,No,0.0913,Low Risk
8387-UGUSU,No,No,0.0912,Low Risk
3190-FZATL,No,No,0.0912,Low Risk
6131-IUNXN,No,No,0.0912,Low Risk
5384-ZTTWP,No,No,0.0912,Low Risk
7010-ZMVBF,No,No,0.0912,Low Risk
1038-RQOST,No,No,0.0912,Low Risk
6502-KUGLL,No,No,0.0912,Low Risk
2096-XOTMO,No,No,0.0912,Low Risk
4906-ZHGPK,No,No,0.091,Low Risk
9640-ZSLDC,No,No,0.091,Low Risk
7868-TMWMZ,No,No,0.0909,Low Risk
7994-XIRTR,No,No,0.0909,Low Risk
0516-UXRMT,No,No,0.0908,Low Risk
7541-YLXCL,Yes,No,0.0907,Low Risk
8261-GWDBQ,No,No,0.0906,Low Risk
9313-CDOGY,No,No,0.0906,Low Risk
5917-HBSDW,No,No,0.0906,Low Risk
0233-FTHAV,No,No,0.0906,Low Risk
6933-FHBZC,No,No,0.0902,Low Risk
9754-CLVZW,No,No,0.0901,Low Risk
0862-PRCBS,No,No,0.0901,Low Risk
0181-RITDD,No,No,0.0901,Low Risk
7017-VFHAY,No,No,0.0897,Low Risk
3882-IYOIJ,No,No,0.0897,Low Risk
2789-CZANW,No,No,0.0897,Low Risk
5386-THSLQ,No,No,0.0897,Low Risk
3915-ODIYG,No,No,0.0895,Low Risk
9758-MFWGD,No,No,0.0895,Low Risk
5092-STPKP,No,No,0.0894,Low Risk
5447-VYTKW,No,No,0.0894,Low Risk
4104-PVRPS,No,No,0.0894,Low Risk
4378-MYPGO,No,No,0.0894,Low Risk
0392-BZIUW,No,No,0.0894,Low Risk
8231-BSWXX,No,No,0.0892,Low Risk
7471-MQPOS,No,No,0.0891,Low Risk
8681-ICONS,No,No,0.0891,Low Risk
2171-UDMFD,No,No,0.0891,Low Risk
0487-VVUVK,No,No,0.0891,Low Risk
6506-EYCNH,No,No,0.0891,Low Risk
1222-KJNZD,No,No,0.0891,Low Risk
5260-UMPWX,No,No,0.0891,Low Risk
2484-DGXPZ,Yes,No,0.0891,Low Risk
7047-YXDMZ,No,No,0.0891,Low Risk
1866-ZSLJM,No,No,0.0891,Low Risk
2243-FNMMI,No,No,0.0891,Low Risk
8314-DPQHL,No,No,0.089,Low Risk
5863-OOKCL,No,No,0.089,Low Risk
5120-ZBLAI,No,No,0.089,Low Risk
3282-ZISZV,No,No,0.0888,Low Risk
5372-FBKBN,No,No,0.0887,Low Risk
0519-DRGTI,No,No,0.0887,Low Risk
2164-SOQXL,No,No,0.0887,Low Risk
3530-VWVGU,No,No,0.0887,Low Risk
4018-KJYUY,No,No,0.0887,Low Risk
1218-VKFPE,Yes,No,0.0886,Low Risk
3055-VTCGS,No,No,0.0885,Low Risk
3186-AJIEK,No,No,0.0884,Low Risk
3850-OKINF,No,No,0.0882,Low Risk
4853-RULSV,Yes,No,0.088,Low Risk
4174-LPGTI,Yes,No,0.0879,Low Risk
3197-NNYNB,No,No,0.0879,Low Risk
2724-FJDYW,No,No,0.0877,Low Risk
5593-SUAOO,No,No,0.0876,Low Risk
1474-JUWSM,No,No,0.0875,Low Risk
6242-SGYTS,No,No,0.0874,Low Risk
0670-ANMUU,No,No,0.087,Low Risk
5944-UGLLK,No,No,0.087,Low Risk
5777-KJIRB,No,No,0.0869,Low Risk
5278-PNYOX,No,No,0.0868,Low Risk
2558-BUOZZ,No,No,0.0868,Low Risk
2292-XQWSV,No,No,0.0867,Low Risk
4043-MKDTV,No,No,0.0866,Low Risk
3648-GZPHF,No,No,0.0865,Low Risk
3736-BLEPA,No,No,0.0865,Low Risk
1397-XKKWR,No,No,0.0862,Low Risk
9357-UJRUN,No,No,0.0861,Low Risk
0815-MFZGM,No,No,0.0861,Low Risk
5306-BVTKJ,No,No,0.0858,Low Risk
1337-BOZWO,No,No,0.0858,Low Risk
9480-BQJEI,No,No,0.0857,Low Risk
8259-DZLIZ,No,No,0.0857,Low Risk
2530-ENDWQ,Yes,No,0.0856,Low Risk
2450-ZKEED,No,No,0.0855,Low Risk
2533-QVMSK,Yes,No,0.0855,Low Risk
7105-BENQF,No,No,0.0853,Low Risk
1036-GUDCL,No,No,0.0853,Low Risk
4682-BLBUC,No,No,0.0853,Low Risk
9513-DXHDA,No,No,0.0851,Low Risk
5915-DGNVC,No,No,0.0848,Low Risk
8097-VBQTZ,No,No,0.0848,Low Risk
0080-EMYVY,No,No,0.0848,Low Risk
7156-MXBJE,No,No,0.0848,Low Risk
6171-ZTVYB,No,No,0.0847,Low Risk
8079-XRJRS,Yes,No,0.0847,Low Risk
3214-IYUUQ,No,No,0.0846,Low Risk
2483-XSSMZ,No,No,0.0845,Low Risk
6933-VLYFX,No,No,0.0845,Low Risk
0201-MIBOL,No,No,0.0844,Low Risk
4611-ANLQC,No,No,0.0843,Low Risk
0810-BDHAW,No,No,0.0842,Low Risk
0401-WDBXM,No,No,0.0841,Low Risk
6992-TKNYO,No,No,0.0841,Low Risk
7657-DYEPJ,Yes,No,0.0839,Low Risk
4091-TVOCN,No,No,0.0839,Low Risk
0716-BQNDX,No,No,0.0838,Low Risk
9770-KXGQU,No,No,0.0838,Low Risk
5989-OMNJE,No,No,0.0838,Low Risk
4531-AUZNK,No,No,0.0837,Low Risk
6509-TSGWN,No,No,0.0837,Low Risk
5442-BXVND,No,No,0.0837,Low Risk
6718-BDGHG,No,No,0.0837,Low Risk
5294-CDGWY,Yes,No,0.0836,Low Risk
4837-QUSFT,No,No,0.0835,Low Risk
5975-BAICR,No,No,0.0835,Low Risk
9715-WZCLW,No,No,0.0834,Low Risk
2200-DSAAL,No,No,0.0832,Low Risk
8707-RMEZH,No,No,0.0831,Low Risk
6500-JVEGC,No,No,0.083,Low Risk
9031-ZVQPT,No,No,0.083,Low Risk
4322-RCYMT,Yes,No,0.083,Low Risk
6900-RBKER,No,No,0.0828,Low Risk
0557-ASKVU,No,No,0.0828,Low Risk
9848-JQJTX,No,No,0.0827,Low Risk
2634-HCZGT,Yes,No,0.0827,Low Risk
3387-PLKUI,No,No,0.0825,Low Risk
1094-BKOSX,No,No,0.0824,Low Risk
6481-OGDOO,Yes,No,0.0822,Low Risk
7674-YTAFD,No,No,0.0822,Low Risk
5055-BRMNE,No,No,0.0821,Low Risk
8466-PZBLH,No,No,0.0821,Low Risk
2038-YSEZE,No,No,0.0821,Low Risk
8822-KNBHV,No,No,0.0821,Low Risk
0068-FIGTF,No,No,0.0821,Low Risk
8220-OCUFY,No,No,0.0821,Low Risk
8779-YIQQA,No,No,0.0819,Low Risk
8465-SBRXP,No,No,0.0819,Low Risk
9625-QNLUX,No,No,0.0817,Low Risk
4644-PIZRT,No,No,0.0816,Low Risk
3898-BSJYF,No,No,0.0816,Low Risk
8224-UAXBZ,No,No,0.0816,Low Risk
7636-PEPNS,No,No,0.0816,Low Risk
6161-ERDGD,No,No,0.0813,Low Risk
5393-HJZSM,No,No,0.0813,Low Risk
6937-GCDGQ,No,No,0.0812,Low Risk
2197-OMWGI,No,No,0.0812,Low Risk
6322-HRPFA,No,No,0.0812,Low Risk
9938-ZREHM,No,No,0.081,Low Risk
3397-AVTKU,No,No,0.081,Low Risk
6034-ZRYCV,Yes,No,0.0808,Low Risk
2054-PJOCK,No,No,0.0807,Low Risk
9762-YAQAA,No,No,0.0807,Low Risk
2967-MXRAV,No,No,0.0807,Low Risk
5160-UXJED,No,No,0.0807,Low Risk
7971-HLVXI,No,No,0.0806,Low Risk
0621-JFHOL,No,No,0.0806,Low Risk
2578-JQPHZ,No,No,0.0806,Low Risk
5965-GGPRW,No,No,0.0806,Low Risk
7566-DSRLQ,No,No,0.0805,Low Risk
0835-JKADZ,No,No,0.0805,Low Risk
8668-KNZTI,No,No,0.0804,Low Risk
6848-YLDFR,No,No,0.0803,Low Risk
1431-CYWMH,No,No,0.0802,Low Risk
5032-USPKF,No,No,0.0802,Low Risk
2931-VUVJN,No,No,0.0801,Low Risk
4884-TVUQF,No,No,0.0801,Low Risk
2546-KZAAT,No,No,0.08,Low Risk
6048-UWKAL,No,No,0.08,Low Risk
7184-LRUUR,No,No,0.08,Low Risk
1834-ABKHQ,No,No,0.0797,Low Risk
1353-GHZOS,No,No,0.0797,Low Risk
9702-AIUJO,No,No,0.0796,Low Risk
4223-BKEOR,No,No,0.0796,Low Risk
2927-CVULT,No,No,0.0796,Low Risk
6586-PSJOX,No,No,0.0796,Low Risk
4578-PHJYZ,No,No,0.0791,Low Risk
1334-PDUKM,No,No,0.0791,Low Risk
1389-WNUIB,No,No,0.079,Low Risk
2061-VVFST,No,No,0.079,Low Risk
9046-DQMTP,No,No,0.079,Low Risk
1552-TKMXS,No,No,0.079,Low Risk
6878-GGDWG,No,No,0.079,Low Risk
2085-JVGAD,No,No,0.079,Low Risk
3043-SUDUA,No,No,0.079,Low Risk
3374-PZLXD,No,No,0.079,Low Risk
6147-CBCRA,No,No,0.079,Low Risk
9313-QOLTZ,No,No,0.079,Low Risk
6620-HVDUJ,No,No,0.079,Low Risk
5186-PEIZU,No,No,0.079,Low Risk
0536-BGFMZ,No,No,0.079,Low Risk
1498-DQNRX,No,No,0.079,Low Risk
7407-SUJIZ,No,No,0.079,Low Risk
4134-BSXLX,No,No,0.079,Low Risk
1577-HKTFG,Yes,No,0.079,Low Risk
9142-XMYJH,No,No,0.079,Low Risk
9860-LISIZ,No,No,0.079,Low Risk
6196-HBOBZ,No,No,0.079,Low Risk
2321-OMBXY,Yes,No,0.0787,Low Risk
6257-DTAYD,No,No,0.0787,Low Risk
4203-QGNZA,No,No,0.0787,Low Risk
6016-LVTJQ,No,No,0.0787,Low Risk
5061-PBXFW,No,No,0.0787,Low Risk
1051-EQPZR,No,No,0.0787,Low Risk
0357-NVCRI,No,No,0.0787,Low Risk
1760-CAZHT,No,No,0.0787,Low Risk
9184-GALIL,No,No,0.0787,Low Risk
4803-LBYPN,No,No,0.0787,Low Risk
4472-LVYGI,No,No,0.0786,Low Risk
5397-TUPSH,No,No,0.0785,Low Risk
0356-OBMAC,No,No,0.0784,Low Risk
5090-EMGTC,No,No,0.0784,Low Risk
9592-ERDKV,No,No,0.0783,Low Risk
2150-WLKUW,No,No,0.0783,Low Risk
1338-CECEE,No,No,0.078,Low Risk
3468-DRVQJ,No,No,0.0779,Low Risk
5954-BDFSG,No,No,0.0779,Low Risk
8646-JCOMS,No,No,0.0778,Low Risk
2522-WLNSF,No,No,0.0775,Low Risk
1150-FTQGN,No,No,0.0775,Low Risk
0373-AIVNJ,No,No,0.0774,Low Risk
9495-REDIY,No,No,0.0773,Low Risk
7997-EASSD,No,No,0.0773,Low Risk
4135-FRWKJ,No,No,0.0771,Low Risk
4636-OLWOE,No,No,0.077,Low Risk
0679-TDGAK,No,No,0.0768,Low Risk
7102-JJVTX,No,No,0.0767,Low Risk
8035-BUYVG,Yes,No,0.0766,Low Risk
5524-KHNJP,No,No,0.0766,Low Risk
3137-NYQQI,No,No,0.0766,Low Risk
2325-ZUSFD,Yes,No,0.0764,Low Risk
7758-UJWYS,No,No,0.0764,Low Risk
4369-NYSCF,No,No,0.0764,Low Risk
7110-BDTWG,No,No,0.0763,Low Risk
5651-CRHKQ,No,No,0.0763,Low Risk
5985-TBABQ,No,No,0.0763,Low Risk
2040-OBMLJ,No,No,0.0761,Low Risk
8777-MBMTS,No,No,0.076,Low Risk
1137-DGOWI,No,No,0.0759,Low Risk
4366-CTOUZ,No,No,0.0758,Low Risk
6295-OSINB,No,No,0.0757,Low Risk
8318-LCNBW,No,No,0.0756,Low Risk
9619-GSATL,No,No,0.0753,Low Risk
8200-KLNYW,No,No,0.0753,Low Risk
6519-ZHPXP,No,No,0.0753,Low Risk
2519-TWKFS,No,No,0.0753,Low Risk
7666-WKRON,Yes,No,0.0753,Low Risk
7690-KPNCU,No,No,0.0752,Low Risk
0384-LPITE,No,No,0.075,Low Risk
4198-VFOEA,No,No,0.075,Low Risk
4003-OCTMP,No,No,0.075,Low Risk
6250-CGGUN,No,No,0.0748,Low Risk
5815-HGGHV,No,No,0.0747,Low Risk
7445-WMRBW,No,No,0.0746,Low Risk
6778-EICRF,No,No,0.0746,Low Risk
5504-WSIUR,No,No,0.0744,Low Risk
4576-CSAJH,Yes,No,0.0743,Low Risk
3658-QQJYD,No,No,0.0743,Low Risk
2969-WGHQO,No,No,0.0742,Low Risk
5149-CUZUJ,No,No,0.0741,Low Risk
2868-LLSKM,No,No,0.0741,Low Risk
5791-KAJFD,No,No,0.0741,Low Risk
7641-TQFHN,No,No,0.0738,Low Risk
6211-WWLTF,No,No,0.0738,Low Risk
3034-ZBEQN,Yes,No,0.0737,Low Risk
3340-QBBFM,No,No,0.0737,Low Risk
7954-MLBUN,No,No,0.0736,Low Risk
9959-WOFKT,No,No,0.0735,Low Risk
0536-ACXIP,No,No,0.0735,Low Risk
3026-ATZYV,No,No,0.0733,Low Risk
4829-ZLJTK,No,No,0.0733,Low Risk
0868-VJRDR,No,No,0.0732,Low Risk
6440-DKQGE,No,No,0.0731,Low Risk
7945-HLKEA,No,No,0.0731,Low Risk
1708-PBBOA,No,No,0.073,Low Risk
6341-JVQGF,No,No,0.073,Low Risk
3259-KNMRR,No,No,0.0729,Low Risk
7049-GKVZY,No,No,0.0727,Low Risk
5203-XEHAX,No,No,0.0726,Low Risk
4981-FLTMF,No,No,0.0726,Low Risk
2233-TXSIU,No,No,0.0725,Low Risk
7746-QYVCO,No,No,0.0725,Low Risk
0725-CXOTM,No,No,0.0723,Low Risk
1552-CZCLL,No,No,0.0722,Low Risk
8265-HKSOW,No,No,0.0721,Low Risk
8405-IGQFX,No,No,0.0721,Low Risk
7838-LAZFO,No,No,0.0719,Low Risk
9199-PWQVC,No,No,0.0719,Low Risk
0234-TEVTT,No,No,0.0718,Low Risk
9063-ZGTUY,Yes,No,0.0718,Low Risk
4199-QHJNM,No,No,0.0718,Low Risk
5214-NLTIT,No,No,0.0717,Low Risk
3229-USWAR,No,No,0.0716,Low Risk
6869-FGJJC,No,No,0.0716,Low Risk
0305-SQECB,No,No,0.0715,Low Risk
9467-ROOLM,No,No,0.0714,Low Risk
6568-POCUI,No,No,0.0714,Low Risk
9746-YKGXB,No,No,0.0712,Low Risk
6840-RESVB,No,No,0.0711,Low Risk
9046-JBFWA,No,No,0.0711,Low Risk
7168-HDQHG,No,No,0.0711,Low Risk
6374-NTQLP,No,No,0.0711,Low Risk
8152-VETUR,No,No,0.0711,Low Risk
3441-CGZJH,No,No,0.071,Low Risk
6202-JVYEU,No,No,0.071,Low Risk
9522-ZSINC,No,No,0.071,Low Risk
2664-XJZNO,No,No,0.0709,Low Risk
0946-FKYTX,No,No,0.0709,Low Risk
3594-UVONA,Yes,No,0.0709,Low Risk
2511-MORQY,No,No,0.0708,Low Risk
5229-DTFYB,No,No,0.0706,Low Risk
3733-UOCWF,No,No,0.0705,Low Risk
4049-ZPALD,No,No,0.0703,Low Risk
7269-JISCY,No,No,0.0701,Low Risk
8659-IOOPU,No,No,0.0701,Low Risk
2453-SAFNS,No,No,0.07,Low Risk
0742-LAFQK,No,No,0.0698,Low Risk
9040-KZVWO,No,No,0.0698,Low Risk
9894-QMIMJ,No,No,0.0698,Low Risk
8760-ZRHKE,No,No,0.0697,Low Risk
6967-PEJLL,No,No,0.0696,Low Risk
2775-SEFEE,No,No,0.0695,Low Risk
5062-CJJKH,No,No,0.0695,Low Risk
8559-WNQZS,No,No,0.0694,Low Risk
8879-ZKJOF,No,No,0.0694,Low Risk
1832-PEUTS,No,No,0.0693,Low Risk
1099-GODLO,No,No,0.0691,Low Risk
8075-GXIUB,No,No,0.0691,Low Risk
0980-FEXWF,No,No,0.069,Low Risk
6838-YAUVY,No,No,0.069,Low Risk
4159-NAAIX,No,No,0.069,Low Risk
9052-DHNKM,No,No,0.0689,Low Risk
8097-OMULG,No,No,0.0689,Low Risk
9411-TPQQV,No,No,0.0688,Low Risk
5989-AXPUC,No,No,0.0688,Low Risk
9209-NWPGU,No,No,0.0686,Low Risk
0975-UYDTX,No,No,0.0685,Low Risk
4622-YNKIJ,No,No,0.0685,Low Risk
5566-SOEZD,No,No,0.0684,Low Risk
6674-KVJHG,No,No,0.0683,Low Risk
6556-DBKZF,No,No,0.0681,Low Risk
7576-ASEJU,No,No,0.068,Low Risk
4547-FZJWE,No,No,0.0679,Low Risk
4075-WKNIU,No,No,0.0678,Low Risk
3957-HHLMR,No,No,0.0677,Low Risk
0813-TAXXS,No,No,0.0676,Low Risk
2469-DTSGX,No,No,0.0674,Low Risk
7691-XVTZH,No,No,0.0672,Low Risk
4106-HADHQ,Yes,No,0.067,Low Risk
7619-PLRLP,No,No,0.067,Low Risk
0254-WWRKD,No,No,0.0669,Low Risk
2330-PQGDQ,No,No,0.0669,Low Risk
5020-ZSTTY,Yes,No,0.0669,Low Risk
0983-TATYJ,No,No,0.0668,Low Risk
9558-IHEZX,No,No,0.0668,Low Risk
8383-SGHJU,No,No,0.0667,Low Risk
8496-DMZUK,No,No,0.0666,Low Risk
1877-HKBQX,No,No,0.0666,Low Risk
0106-UGRDO,No,No,0.0666,Low Risk
2294-SALNE,No,No,0.0666,Low Risk
0104-PPXDV,No,No,0.0665,Low Risk
7336-RLLRH,No,No,0.0664,Low Risk
8166-ZZTFS,Yes,No,0.0664,Low Risk
7356-AYNJP,No,No,0.0664,Low Risk
4355-HBJHH,Yes,No,0.0663,Low Risk
3442-ZHHCC,No,No,0.0663,Low Risk
5668-MEISB,No,No,0.0662,Low Risk
0572-ZJKLT,No,No,0.0662,Low Risk
7841-FCRQD,No,No,0.0661,Low Risk
4808-YNLEU,No,No,0.0661,Low Risk
7100-FQPRV,No,No,0.0659,Low Risk
5327-XOKKY,No,No,0.0659,Low Risk
2877-VDUER,No,No,0.0659,Low Risk
4056-QHXHZ,No,No,0.0658,Low Risk
9691-HKOVS,No,No,0.0658,Low Risk
9570-KYEUA,No,No,0.0658,Low Risk
8065-QBYTO,No,No,0.0657,Low Risk
1929-ZCBHE,No,No,0.0656,Low Risk
8883-GRDWQ,No,No,0.0655,Low Risk
5110-CHOPY,No,No,0.0655,Low Risk
5161-UBZXI,No,No,0.0654,Low Risk
2316-ESMLS,No,No,0.0653,Low Risk
9938-TKDGL,No,No,0.0652,Low Risk
4522-XRWWI,No,No,0.0651,Low Risk
2911-IJORQ,No,No,0.0651,Low Risk
9251-WNSOD,No,No,0.0651,Low Risk
8034-RYTVV,No,No,0.065,Low Risk
1536-YHDOE,No,No,0.065,Low Risk
7508-KBIMB,No,No,0.065,Low Risk
5887-IKKYO,No,No,0.0649,Low Risk
2812-ENYMO,No,No,0.0649,Low Risk
4730-AWNAU,No,No,0.0649,Low Risk
0020-JDNXP,No,No,0.0649,Low Risk
4114-QMKVN,No,No,0.0648,Low Risk
0687-ZVTHB,Yes,No,0.0648,Low Risk
3354-OADJP,No,No,0.0647,Low Risk
8610-ZIKJJ,No,No,0.0647,Low Risk
6419-ZTTLE,No,No,0.0646,Low Risk
1179-INLAT,No,No,0.0644,Low Risk
9711-FJTBX,No,No,0.0644,Low Risk
7876-AEHIG,No,No,0.0643,Low Risk
9134-WYRVP,No,No,0.0643,Low Risk
8883-ANODQ,No,No,0.0642,Low Risk
5829-NVSQN,No,No,0.0641,Low Risk
0020-INWCK,No,No,0.0641,Low Risk
1042-HFUCW,No,No,0.0641,Low Risk
9931-DCEZH,No,No,0.0641,Low Risk
0635-WKOLD,No,No,0.064,Low Risk
2144-ESWKO,No,No,0.0639,Low Risk
4445-KWOKW,No,No,0.0637,Low Risk
6047-SUHPR,No,No,0.0637,Low Risk
5049-MUBWG,No,No,0.0637,Low Risk
0496-AHOOK,No,No,0.0637,Low Risk
9917-KWRBE,No,No,0.0635,Low Risk
6559-ILWKJ,Yes,No,0.0634,Low Risk
5696-CEIQJ,No,No,0.0634,Low Risk
6266-QHOJZ,No,No,0.0634,Low Risk
0993-OSGPT,No,No,0.0633,Low Risk
9933-QRGTX,No,No,0.0632,Low Risk
6670-MFRPK,No,No,0.063,Low Risk
6635-MYYYZ,Yes,No,0.063,Low Risk
7951-VRDVK,No,No,0.063,Low Risk
3249-VHRIP,No,No,0.063,Low Risk
3224-DFQNQ,No,No,0.063,Low Risk
8165-CBKXO,No,No,0.0629,Low Risk
4922-CVPDX,No,No,0.0629,Low Risk
1162-ECVII,No,No,0.0629,Low Risk
5304-EFJLP,No,No,0.0629,Low Risk
5499-ECUTN,No,No,0.0629,Low Risk
1291-CUOCY,No,No,0.0628,Low Risk
4670-TABXH,No,No,0.0628,Low Risk
6999-CHVCF,No,No,0.0628,Low Risk
7901-IIDQV,No,No,0.0627,Low Risk
1661-CZBAU,No,No,0.0627,Low Risk
5913-INRQV,No,No,0.0627,Low Risk
5327-CNLUQ,No,No,0.0627,Low Risk
8898-KASCD,No,No,0.0626,Low Risk
0756-MPZRL,No,No,0.0626,Low Risk
4686-GEFRM,No,No,0.0625,Low Risk
8313-AFGBW,No,No,0.0625,Low Risk
2495-TTHBQ,No,No,0.0624,Low Risk
5808-TOTXO,No,No,0.0624,Low Risk
2541-YGPKE,No,No,0.0624,Low Risk
3205-MXZRA,No,No,0.0623,Low Risk
1183-CANVH,No,No,0.0623,Low Risk
8738-JOKAR,No,No,0.0623,Low Risk
9000-PLFUZ,No,No,0.0622,Low Risk
9906-NHHVC,No,No,0.0622,Low Risk
0074-HDKDG,No,No,0.0622,Low Risk
9575-IWCAZ,No,No,0.0622,Low Risk
1298-PHBTI,No,No,0.0622,Low Risk
0840-DCNZE,No,No,0.0621,Low Risk
8631-XVRZL,No,No,0.0621,Low Risk
2926-JEJJC,No,No,0.0621,Low Risk
9498-FIMXL,No,No,0.0621,Low Risk
7816-VGHTO,No,No,0.0621,Low Risk
9720-JJJOR,No,No,0.062,Low Risk
2550-AEVRU,No,No,0.0619,Low Risk
5998-DZLYR,No,No,0.0617,Low Risk
8595-SIZNC,No,No,0.0616,Low Risk
3696-XRIEN,No,No,0.0613,Low Risk
3301-VKTGC,No,No,0.0613,Low Risk
4654-GGUII,No,No,0.0612,Low Risk
6598-RFFVI,Yes,No,0.0611,Low Risk
7029-IJEJK,No,No,0.0611,Low Risk
6522-OIQSX,No,No,0.061,Low Risk
2499-AJYUA,No,No,0.061,Low Risk
7134-HBPBS,No,No,0.061,Low Risk
4057-FKCZK,No,No,0.061,Low Risk
5906-CVLHP,Yes,No,0.061,Low Risk
5663-QBGIS,No,No,0.0609,Low Risk
8853-TZDGH,No,No,0.0609,Low Risk
9861-PDSZP,No,No,0.0609,Low Risk
8309-PPCED,No,No,0.0609,Low Risk
1545-JFUML,No,No,0.0609,Low Risk
6727-IOTLZ,No,No,0.0609,Low Risk
6174-NRBTZ,No,No,0.0608,Low Risk
2242-MFOTG,No,No,0.0607,Low Risk
6195-MELTI,No,No,0.0606,Low Risk
7581-EBBOU,No,No,0.0604,Low Risk
2361-FJWNO,No,No,0.0602,Low Risk
1623-NLDOT,Yes,No,0.0602,Low Risk
2073-QBVBI,No,No,0.0602,Low Risk
1696-HXOWK,No,No,0.0602,Low Risk
2667-WYLWJ,Yes,No,0.0602,Low Risk
6663-JOCQO,No,No,0.0601,Low Risk
5844-QVTAT,No,No,0.06,Low Risk
4086-ATNFV,No,No,0.06,Low Risk
8752-GHJFU,No,No,0.0599,Low Risk
8932-CZHRQ,No,No,0.0599,Low Risk
8782-NUUOL,No,No,0.0599,Low Risk
4403-BWPAY,No,No,0.0598,Low Risk
0530-IJVDB,No,No,0.0597,Low Risk
5271-YNWVR,Yes,No,0.0597,Low Risk
3605-JISKB,No,No,0.0597,Low Risk
1301-LOPVR,No,No,0.0596,Low Risk
0956-SYCWG,No,No,0.0595,Low Risk
5777-ZPQNC,No,No,0.0595,Low Risk
7255-SSFBC,No,No,0.0594,Low Risk
5498-IBWPI,No,No,0.0594,Low Risk
0197-PNKNK,No,No,0.0594,Low Risk
5671-RQRLP,No,No,0.0594,Low Risk
6617-WLBQC,No,No,0.0593,Low Risk
3551-GAEGL,No,No,0.0592,Low Risk
9750-BOOHV,No,No,0.0592,Low Risk
5701-GUXDC,No,No,0.0592,Low Risk
1525-LNLOJ,No,No,0.0592,Low Risk
3926-YZVVX,No,No,0.0592,Low Risk
6260-XLACS,No,No,0.0591,Low Risk
8311-UEUAB,No,No,0.0591,Low Risk
8510-TMWYB,No,No,0.0591,Low Risk
6797-LNAQX,Yes,No,0.0591,Low Risk
2682-KEVRP,No,No,0.0591,Low Risk
0628-CNQRM,Yes,No,0.059,Low Risk
2348-KCJLT,No,No,0.059,Low Risk
8777-PVYGU,No,No,0.059,Low Risk
6872-HXFNF,No,No,0.059,Low Risk
9351-HXDMR,No,No,0.059,Low Risk
0619-OLYUR,No,No,0.059,Low Risk
6598-KELSS,No,No,0.0589,Low Risk
4116-IQRFR,No,No,0.0588,Low Risk
5825-XJOCM,No,No,0.0587,Low Risk
8672-OAUPW,No,No,0.0587,Low Risk
2878-RMWXY,No,No,0.0586,Low Risk
0872-CASZJ,No,No,0.0585,Low Risk
1303-SRDOK,No,No,0.0585,Low Risk
4999-IEZLT,No,No,0.0584,Low Risk
5204-HMGYF,No,No,0.0584,Low Risk
4815-TUMEQ,No,No,0.0584,Low Risk
4318-RAJVY,No,No,0.0584,Low Risk
5961-VUSRV,No,No,0.0584,Low Risk
6924-TDGMT,No,No,0.0584,Low Risk
3585-YNADK,No,No,0.0583,Low Risk
8406-LNMHF,No,No,0.0583,Low Risk
8184-WMOFI,No,No,0.0582,Low Risk
6156-UZDLF,No,No,0.0582,Low Risk
6726-NNFWD,No,No,0.0581,Low Risk
4560-WQAQW,No,No,0.058,Low Risk
4598-ZADCK,No,No,0.0579,Low Risk
0254-KCJGT,No,No,0.0579,Low Risk
5681-LLOEI,No,No,0.0579,Low Risk
7311-MQJCH,No,No,0.0578,Low Risk
8232-CTLKO,No,No,0.0578,Low Risk
6244-BESBM,No,No,0.0578,Low Risk
3259-QMXUN,No,No,0.0577,Low Risk
3280-MRDOF,No,No,0.0577,Low Risk
0458-HEUZG,No,No,0.0577,Low Risk
7089-RKVSZ,No,No,0.0577,Low Risk
3705-RHRFR,No,No,0.0577,Low Risk
9742-XOKTS,No,No,0.0576,Low Risk
3518-FSTWG,No,No,0.0576,Low Risk
5789-LDFXO,No,No,0.0575,Low Risk
2636-SJDOU,No,No,0.0575,Low Risk
3082-WQRVY,No,No,0.0574,Low Risk
4933-IKULF,No,No,0.0574,Low Risk
1763-KUAAW,No,No,0.0574,Low Risk
8109-YUOHE,No,No,0.0574,Low Risk
0727-BNRLG,No,No,0.0574,Low Risk
4508-OEBEY,No,No,0.0573,Low Risk
1866-NXPSP,No,No,0.0573,Low Risk
9866-OCCKE,No,No,0.0573,Low Risk
7032-LMBHI,No,No,0.0572,Low Risk
7602-MVRMB,No,No,0.0572,Low Risk
9070-BCKQP,No,No,0.0572,Low Risk
7833-PKIHD,No,No,0.0572,Low Risk
3823-KYNQY,No,No,0.0571,Low Risk
2361-UPSND,No,No,0.0571,Low Risk
6261-RCVNS,Yes,No,0.0571,Low Risk
6736-DHUQI,No,No,0.057,Low Risk
7654-YWJUF,No,No,0.057,Low Risk
9500-IWPXQ,No,No,0.057,Low Risk
1032-MAELW,No,No,0.057,Low Risk
9359-UGBTK,No,No,0.057,Low Risk
9152-AMKAK,No,No,0.0569,Low Risk
5161-XEUVX,No,No,0.0567,Low Risk
6352-GIGGQ,No,No,0.0567,Low Risk
5297-MDOIR,No,No,0.0566,Low Risk
3115-JPJDD,No,No,0.0566,Low Risk
1226-JZNKR,No,No,0.0566,Low Risk
8434-PNQZX,No,No,0.0566,Low Risk
0221-NAUXK,No,No,0.0565,Low Risk
0967-BMLBD,No,No,0.0565,Low Risk
9705-ZJBCG,No,No,0.0565,Low Risk
9987-LUTYD,No,No,0.0565,Low Risk
3800-LYTRK,No,No,0.0565,Low Risk
7435-ZNUYY,No,No,0.0564,Low Risk
1752-OZXFY,No,No,0.0563,Low Risk
2790-XUYMV,No,No,0.0563,Low Risk
6837-BJYDQ,No,No,0.0562,Low Risk
5619-XZZKR,No,No,0.0562,Low Risk
8189-DUKMV,No,No,0.0562,Low Risk
4393-OBCRR,No,No,0.0562,Low Risk
4039-PIMHX,No,No,0.0562,Low Risk
0895-LNKRC,No,No,0.0561,Low Risk
2055-BFOCC,No,No,0.0561,Low Risk
4942-VZZOM,No,No,0.0561,Low Risk
0661-WCQNQ,No,No,0.056,Low Risk
8752-IMQOS,No,No,0.0559,Low Risk
9018-PCIOK,No,No,0.0559,Low Risk
3115-CZMZD,No,No,0.0559,Low Risk
2520-SGTTA,No,No,0.0559,Low Risk
7644-OMVMY,No,No,0.0559,Low Risk
1599-MMYRQ,No,No,0.0559,Low Risk
8746-BFOAJ,No,No,0.0558,Low Risk
8823-RLPWL,No,No,0.0557,Low Risk
8348-JLBUG,No,No,0.0556,Low Risk
8226-BXGES,No,No,0.0555,Low Risk
1729-VLAZJ,No,No,0.0554,Low Risk
2434-EEVDB,No,No,0.0554,Low Risk
4367-NUYAO,No,No,0.0554,Low Risk
3213-VVOLG,No,No,0.0554,Low Risk
6478-HRRCZ,No,No,0.0553,Low Risk
9845-PEEKO,No,No,0.0553,Low Risk
7923-IYJWY,No,No,0.0552,Low Risk
2673-ZALNP,No,No,0.0551,Low Risk
7353-YOWFP,No,No,0.0551,Low Risk
2550-QHZGP,No,No,0.0551,Low Risk
2680-XKKNJ,No,No,0.0551,Low Risk
6993-YGFJV,No,No,0.0551,Low Risk
0565-IYCGT,Yes,No,0.0551,Low Risk
7472-EQOAV,No,No,0.055,Low Risk
2690-DVRVK,No,No,0.055,Low Risk
6061-GWWAV,No,No,0.0549,Low Risk
0023-UYUPN,No,No,0.0549,Low Risk
4537-CIBHB,No,No,0.0549,Low Risk
9483-GCPWE,No,No,0.0549,Low Risk
1015-JPFYW,No,No,0.0549,Low Risk
2351-RRBUE,No,No,0.0549,Low Risk
3750-YHRYO,No,No,0.0549,Low Risk
7677-SJJJK,No,No,0.0549,Low Risk
3908-MKIMJ,No,No,0.0549,Low Risk
8879-XUAHX,No,No,0.0549,Low Risk
8263-QMNTJ,No,No,0.0549,Low Risk
9924-JPRMC,No,No,0.0549,Low Risk
5795-BKOYE,No,No,0.0546,Low Risk
9926-PJHDQ,No,No,0.0546,Low Risk
7711-YIJWC,No,No,0.0545,Low Risk
9139-TWBAS,No,No,0.0545,Low Risk
3580-HYCSP,No,No,0.0544,Low Risk
1320-GVNHT,No,No,0.0544,Low Risk
5073-RZGBK,No,No,0.0544,Low Risk
2834-JKOOW,No,No,0.0543,Low Risk
7569-NMZYQ,No,No,0.0543,Low Risk
7995-ZHHNZ,No,No,0.0543,Low Risk
2387-KDZQY,No,No,0.0542,Low Risk
4378-BZYFP,No,No,0.0542,Low Risk
8573-JGCZW,No,No,0.0542,Low Risk
6746-WAUWT,No,No,0.0542,Low Risk
5546-QUERU,No,No,0.0542,Low Risk
8332-OSJDW,No,No,0.0542,Low Risk
1122-YJBCS,No,No,0.0542,Low Risk
2430-RRYUW,No,No,0.0542,Low Risk
6551-ZCOTS,No,No,0.054,Low Risk
3739-YBWAB,No,No,0.0538,Low Risk
4032-RMHCI,No,No,0.0538,Low Risk
0907-HQNTS,No,No,0.0536,Low Risk
0743-HNPFG,No,No,0.0535,Low Risk
2368-GAKKQ,No,No,0.0535,Low Risk
7055-JCGNI,No,No,0.0535,Low Risk
9207-ZPANB,No,No,0.0534,Low Risk
1090-ESELR,No,No,0.0534,Low Risk
7762-ONLJY,No,No,0.0534,Low Risk
5414-OFQCB,No,No,0.0533,Low Risk
6023-GSSXW,No,No,0.0533,Low Risk
0083-PIVIK,No,No,0.0533,Low Risk
8984-HPEMB,No,No,0.0532,Low Risk
0164-APGRB,No,No,0.0532,Low Risk
6094-ZIVKX,No,No,0.0532,Low Risk
1534-OULXE,No,No,0.0532,Low Risk
2890-WFBHU,No,No,0.0531,Low Risk
1088-CNNKB,No,No,0.0531,Low Risk
9229-RQABD,No,No,0.0531,Low Risk
3487-EARAT,No,No,0.053,Low Risk
2405-LBMUW,No,No,0.0529,Low Risk
9715-SBVSU,No,No,0.0529,Low Risk
1492-KGETH,No,No,0.0529,Low Risk
8461-EFQYM,No,No,0.0528,Low Risk
7191-ADRGF,No,No,0.0528,Low Risk
1936-CZAKF,No,No,0.0528,Low Risk
5575-GNVDE,No,No,0.0528,Low Risk
7801-CEDNV,No,No,0.0528,Low Risk
3556-BVQGL,No,No,0.0527,Low Risk
1964-SVLEA,No,No,0.0527,Low Risk
4425-OWHWB,No,No,0.0527,Low Risk
1930-BZLHI,No,No,0.0527,Low Risk
9617-UDPEU,No,No,0.0527,Low Risk
4584-LBNMK,No,No,0.0526,Low Risk
9473-CBZOP,No,No,0.0526,Low Risk
8570-KLJYJ,No,No,0.0526,Low Risk
3423-HHXAO,No,No,0.0525,Low Risk
4451-RWASJ,No,No,0.0525,Low Risk
1915-OAKWD,No,No,0.0525,Low Risk
1402-PTHGN,No,No,0.0525,Low Risk
9530-GRMJG,No,No,0.0524,Low Risk
9225-BZLNZ,No,No,0.0523,Low Risk
2137-DQMEV,No,No,0.0522,Low Risk
9830-ECLEN,No,No,0.0522,Low Risk
9386-LDCZR,No,No,0.0522,Low Risk
3795-CAWEX,No,No,0.0522,Low Risk
6445-TNRXS,No,No,0.0522,Low Risk
4291-YZODP,No,No,0.0522,Low Risk
4227-OJHAL,No,No,0.0521,Low Risk
5127-BZENZ,No,No,0.052,Low Risk
4111-BNXIF,No,No,0.052,Low Risk
5256-SKJGO,No,No,0.052,Low Risk
9730-DRTMJ,No,No,0.052,Low Risk
4890-VMUAV,No,No,0.0518,Low Risk
7665-VIGUD,No,No,0.0518,Low Risk
3146-JTQHR,No,No,0.0518,Low Risk
1952-DVVSW,No,No,0.0518,Low Risk
1680-VDCWW,No,No,0.0518,Low Risk
8076-FEZKJ,No,No,0.0518,Low Risk
5602-BVFMK,No,No,0.0518,Low Risk
5993-BQHEA,No,No,0.0518,Low Risk
1429-UYJSV,No,No,0.0518,Low Risk
8084-OIVBS,No,No,0.0518,Low Risk
7649-PHJVR,No,No,0.0518,Low Risk
9442-JTWDL,No,No,0.0518,Low Risk
0757-WCUUZ,No,No,0.0518,Low Risk
8559-CIZFV,Yes,No,0.0517,Low Risk
5245-VDBUR,No,No,0.0517,Low Risk
8608-OZTLB,No,No,0.0516,Low Risk
9174-IHETN,No,No,0.0516,Low Risk
4750-UKWJK,No,No,0.0516,Low Risk
3523-BRGUW,No,No,0.0516,Low Risk
5917-RYRMG,No,No,0.0516,Low Risk
2907-ILJBN,No,No,0.0516,Low Risk
3724-BSCVH,No,No,0.0516,Low Risk
1038-ZAGBI,Yes,No,0.0516,Low Risk
7765-LWVVH,No,No,0.0515,Low Risk
1371-DWPAZ,No,No,0.0514,Low Risk
1866-DIOQZ,No,No,0.0512,Low Risk
4667-QONEA,No,No,0.0512,Low Risk
7710-JSYOA,No,No,0.0512,Low Risk
0895-UADGO,No,No,0.0511,Low Risk
4909-JOUPP,No,No,0.051,Low Risk
9796-MVYXX,No,No,0.051,Low Risk
2862-JVEOY,No,No,0.0508,Low Risk
8050-XGRVL,No,No,0.0508,Low Risk
9150-HEPMB,No,No,0.0508,Low Risk
3727-OWVYD,No,No,0.0507,Low Risk
2039-JONDJ,No,No,0.0507,Low Risk
2188-SXWVT,No,No,0.0507,Low Risk
1430-SFQSA,No,No,0.0507,Low Risk
5199-FPUSP,No,No,0.0507,Low Risk
0310-SUCIN,No,No,0.0506,Low Risk
0661-KQHNK,No,No,0.0506,Low Risk
8630-QSGXK,No,No,0.0506,Low Risk
3396-DKDEL,No,No,0.0506,Low Risk
3870-SPZSI,No,No,0.0506,Low Risk
4751-ERMAN,No,No,0.0505,Low Risk
2703-AMTUL,No,No,0.0505,Low Risk
6584-VQMYT,No,No,0.0505,Low Risk
6693-DJWTY,No,No,0.0505,Low Risk
0320-DWVTU,No,No,0.0504,Low Risk
3372-CDXFJ,No,No,0.0503,Low Risk
2996-XAUVF,No,No,0.0503,Low Risk
0617-AQNWT,Yes,No,0.0502,Low Risk
9610-WCESF,No,No,0.0502,Low Risk
1265-HVPZB,No,No,0.0502,Low Risk
9581-GVBXT,No,No,0.0502,Low Risk
9541-PWTWO,No,No,0.0501,Low Risk
7730-CLDSV,No,No,0.0501,Low Risk
9589-ABEPT,No,No,0.05,Low Risk
7929-SKFGK,No,No,0.0499,Low Risk
4304-TSPVK,No,No,0.0499,Low Risk
8909-BOLNL,No,No,0.0498,Low Risk
0853-TWRVK,No,No,0.0498,Low Risk
5753-QQWPW,No,No,0.0497,Low Risk
5995-WWKKG,No,No,0.0497,Low Risk
8680-CGLTP,No,No,0.0497,Low Risk
2380-DAMQP,No,No,0.0496,Low Risk
7771-ZONAT,No,No,0.0496,Low Risk
9412-ARGBX,Yes,No,0.0494,Low Risk
9880-TDQAC,No,No,0.0493,Low Risk
3569-VLDHH,No,No,0.0493,Low Risk
1271-UODNO,No,No,0.0492,Low Risk
7492-TAFJD,No,No,0.0492,Low Risk
6013-BHCAW,No,No,0.0492,Low Risk
9945-PSVIP,No,No,0.0491,Low Risk
4342-HFXWS,No,No,0.0491,Low Risk
8727-XDPUD,No,No,0.049,Low Risk
7663-YJHSN,No,No,0.0489,Low Risk
4137-JOPHL,No,No,0.0489,Low Risk
0378-XSZPU,Yes,No,0.0488,Low Risk
2809-ILCYT,No,No,0.0488,Low Risk
0019-EFAEP,No,No,0.0487,Low Risk
4859-ZSRDZ,No,No,0.0487,Low Risk
9253-VIFJQ,No,No,0.0487,Low Risk
2580-ATZSQ,No,No,0.0486,Low Risk
6388-TABGU,No,No,0.0486,Low Risk
1069-QJOEE,No,No,0.0486,Low Risk
7319-ZNRTR,No,No,0.0486,Low Risk
4393-GEADV,No,No,0.0485,Low Risk
3655-SNQYZ,No,No,0.0485,Low Risk
7338-ERIVA,No,No,0.0485,Low Risk
3315-IKYZQ,No,No,0.0485,Low Risk
9958-MEKUC,No,No,0.0484,Low Risk
1839-UMACK,No,No,0.0484,Low Risk
6339-TBELP,No,No,0.0483,Low Risk
2676-SSLTO,No,No,0.0483,Low Risk
2091-GPPIQ,No,No,0.0483,Low Risk
6754-LZUKA,No,No,0.0482,Low Risk
4359-INNWN,No,No,0.0481,Low Risk
9847-HNVGP,No,No,0.0481,Low Risk
8969-PRHFK,No,No,0.0481,Low Risk
1178-PZGAB,No,No,0.0481,Low Risk
5039-LZRQT,No,No,0.0481,Low Risk
4311-QTTAI,No,No,0.0481,Low Risk
8499-BRXTD,No,No,0.0481,Low Risk
0829-DDVLK,No,No,0.0481,Low Risk
7279-NMVJC,No,No,0.0481,Low Risk
2788-CJQAQ,No,No,0.0481,Low Risk
9766-HGEDE,No,No,0.0481,Low Risk
4616-EWBNJ,No,No,0.0481,Low Risk
3243-ZHOHY,No,No,0.0481,Low Risk
1133-KXCGE,No,No,0.0481,Low Risk
1345-ZUKID,No,No,0.0481,Low Risk
7609-NRNCA,No,No,0.0481,Low Risk
7817-OMJNA,No,No,0.0481,Low Risk
5505-OVWQW,No,No,0.0481,Low Risk
2592-HODOV,No,No,0.0481,Low Risk
3721-CNZHX,No,No,0.0481,Low Risk
5641-DMBFJ,No,No,0.0481,Low Risk
9928-BZVLZ,No,No,0.0481,Low Risk
5321-NTRKC,No,No,0.048,Low Risk
2364-UFROM,No,No,0.048,Low Risk
6461-PPAXN,No,No,0.0479,Low Risk
2027-DNKIV,No,No,0.0479,Low Risk
4957-TIALW,No,No,0.0479,Low Risk
8884-MRNSU,No,No,0.0479,Low Risk
9867-JCZSP,No,No,0.0479,Low Risk
4685-TFLLS,No,No,0.0479,Low Risk
8748-HFWBO,No,No,0.0479,Low Risk
3131-NWVFJ,No,No,0.0479,Low Risk
9845-QOMAD,No,No,0.0479,Low Risk
1272-ILHFG,No,No,0.0479,Low Risk
0859-YGKFW,No,No,0.0479,Low Risk
0516-VRYBW,Yes,No,0.0479,Low Risk
0422-OHQHQ,No,No,0.0479,Low Risk
5003-OKNNK,No,No,0.0479,Low Risk
1561-BWHIN,No,No,0.0479,Low Risk
4323-ELYYB,No,No,0.0479,Low Risk
5312-TSZVC,No,No,0.0479,Low Risk
6614-FHDBO,No,No,0.0478,Low Risk
1452-UZOSF,No,No,0.0477,Low Risk
3134-DSHVC,No,No,0.0477,Low Risk
6901-GOGZG,No,No,0.0477,Low Risk
9127-FHJBZ,No,No,0.0476,Low Risk
6893-ODYYE,No,No,0.0476,Low Risk
5996-EBTKM,No,No,0.0476,Low Risk
1544-JJMYL,No,No,0.0476,Low Risk
1325-USMEC,No,No,0.0476,Low Risk
4877-TSOFF,No,No,0.0475,Low Risk
4648-YPBTM,No,No,0.0475,Low Risk
8690-UPCZI,No,No,0.0474,Low Risk
9680-NIAUV,No,No,0.0474,Low Risk
9802-CAQUT,No,No,0.0474,Low Risk
9027-TMATR,No,No,0.0473,Low Risk
3705-PSNGL,Yes,No,0.0472,Low Risk
3547-LQRIK,No,No,0.0472,Low Risk
3474-BAFSJ,No,No,0.0471,Low Risk
2192-CKRLV,No,No,0.0471,Low Risk
3392-EHMNK,No,No,0.0471,Low Risk
7244-QWYHG,No,No,0.047,Low Risk
4717-GHADL,No,No,0.047,Low Risk
6682-VCIXC,No,No,0.0469,Low Risk
7005-CYUIL,No,No,0.0469,Low Risk
8022-BECSI,No,No,0.0467,Low Risk
7813-TKCVO,No,No,0.0467,Low Risk
5847-MXBEO,No,No,0.0467,Low Risk
4092-OFQZS,No,No,0.0467,Low Risk
2320-TZRRH,No,No,0.0467,Low Risk
9746-UGFAC,No,No,0.0467,Low Risk
3125-RAHBV,No,No,0.0467,Low Risk
8200-LGKSR,No,No,0.0466,Low Risk
7021-XSNYE,No,No,0.0466,Low Risk
2725-IWWBA,No,No,0.0466,Low Risk
0230-UBYPQ,No,No,0.0466,Low Risk
2749-CTKAJ,No,No,0.0465,Low Risk
2466-FCCPT,No,No,0.0465,Low Risk
6072-NUQCB,No,No,0.0465,Low Risk
8966-OIQHG,No,No,0.0465,Low Risk
4632-PAOYU,No,No,0.0465,Low Risk
9350-ZXYJC,No,No,0.0465,Low Risk
7030-FZTFM,No,No,0.0465,Low Risk
6252-DFGTK,No,No,0.0464,Low Risk
9297-FVVDH,No,No,0.0462,Low Risk
8015-IHCGW,No,No,0.0462,Low Risk
6814-ZPWFQ,No,No,0.0462,Low Risk
9066-QRSDU,No,No,0.0461,Low Risk
9102-OXKFY,No,No,0.0461,Low Risk
0979-MOZQI,No,No,0.0461,Low Risk
2753-JMMCV,No,No,0.0461,Low Risk
1022-RKXDR,No,No,0.046,Low Risk
7795-CFOCW,No,No,0.046,Low Risk
4530-NDRKU,No,No,0.046,Low Risk
7325-ENZFI,No,No,0.046,Low Risk
4702-HDRKD,No,No,0.0459,Low Risk
4597-ELFTS,Yes,No,0.0458,Low Risk
8958-JPTRR,No,No,0.0458,Low Risk
0253-ZTEOB,No,No,0.0458,Low Risk
0810-DHDBD,No,No,0.0458,Low Risk
7025-WCBNE,No,No,0.0458,Low Risk
2302-OUZXB,No,No,0.0457,Low Risk
2580-ASVVY,No,No,0.0457,Low Risk
8869-TORSS,Yes,No,0.0456,Low Risk
9777-IQHWP,No,No,0.0456,Low Risk
5149-QYTTU,No,No,0.0454,Low Risk
6870-ECSHE,No,No,0.0454,Low Risk
5173-ZXXXL,No,No,0.0454,Low Risk
0657-DOGUM,No,No,0.0454,Low Risk
6505-OZNPG,No,No,0.0453,Low Risk
4697-LUPSU,No,No,0.0452,Low Risk
5857-XRECV,No,No,0.0452,Low Risk
4464-JCOLN,Yes,No,0.0452,Low Risk
1265-BCFEO,No,No,0.0452,Low Risk
6371-NZYEG,No,No,0.0452,Low Risk
3239-TPHPZ,No,No,0.0451,Low Risk
2282-YGNOR,No,No,0.0451,Low Risk
3482-ABPKK,No,No,0.0451,Low Risk
3422-WJOYD,No,No,0.0451,Low Risk
6064-PUPMC,No,No,0.0451,Low Risk
6223-DHJGV,No,No,0.0451,Low Risk
0428-AXXLJ,No,No,0.0451,Low Risk
2829-HYVZP,No,No,0.0451,Low Risk
9534-NSXEM,No,No,0.0451,Low Risk
9531-NSBMR,No,No,0.0451,Low Risk
3452-FLHYD,No,No,0.0451,Low Risk
7446-SFAOA,No,No,0.0451,Low Risk
8510-BBWMU,No,No,0.0451,Low Risk
0042-JVWOJ,No,No,0.0451,Low Risk
9621-OUPYD,No,No,0.0451,Low Risk
3178-CIFOT,No,No,0.0451,Low Risk
8717-VCTXJ,No,No,0.0451,Low Risk
6016-NXBNJ,No,No,0.0451,Low Risk
6188-UXBBR,No,No,0.0451,Low Risk
3982-JGSFD,No,No,0.0451,Low Risk
0930-EHUZA,No,No,0.0451,Low Risk
3021-VLNRJ,No,No,0.045,Low Risk
5792-JALQC,No,No,0.045,Low Risk
5170-PTRKA,No,No,0.045,Low Risk
4304-XUMGI,No,No,0.045,Low Risk
4973-RLZVI,No,No,0.0449,Low Risk
1154-HYWWO,No,No,0.0449,Low Risk
0866-QLSIR,Yes,No,0.0449,Low Risk
4549-ZDQYY,No,No,0.0447,Low Risk
2126-GSEGL,No,No,0.0447,Low Risk
9055-MOJJJ,No,No,0.0447,Low Risk
1131-ALZWV,No,No,0.0446,Low Risk
6510-UPNKS,No,No,0.0446,Low Risk
0203-HHYIJ,Yes,No,0.0446,Low Risk
8645-KOMJQ,No,No,0.0446,Low Risk
6732-VAILE,No,No,0.0446,Low Risk
2040-LDIWQ,No,No,0.0446,Low Risk
0121-SNYRK,No,No,0.0446,Low Risk
3566-CAAYU,No,No,0.0446,Low Risk
3401-URHDA,No,No,0.0446,Low Risk
2205-LPVGL,No,No,0.0446,Low Risk
4707-YNOQA,No,No,0.0445,Low Risk
1897-RCFUM,No,No,0.0445,Low Risk
0804-YGEQV,No,No,0.0445,Low Risk
3740-RLMVT,No,No,0.0445,Low Risk
9220-ZNKJI,No,No,0.0444,Low Risk
6194-HBGQN,No,No,0.0444,Low Risk
4891-NLUBA,No,No,0.0442,Low Risk
9127-QRZMH,No,No,0.0442,Low Risk
9919-FZDED,No,No,0.0442,Low Risk
5512-IDZEI,No,No,0.0442,Low Risk
3378-AJRAO,No,No,0.0442,Low Risk
6681-ZSEXG,No,No,0.0442,Low Risk
0052-YNYOT,No,No,0.0442,Low Risk
6974-DAFLI,No,No,0.0442,Low Risk
1821-BUCWY,No,No,0.0442,Low Risk
0487-CRLZF,No,No,0.0441,Low Risk
1023-BQXZE,No,No,0.0441,Low Risk
8029-XYPWT,No,No,0.044,Low Risk
5135-GRQJV,No,No,0.044,Low Risk
1480-BKXGA,No,No,0.044,Low Risk
8395-ETZKQ,No,No,0.044,Low Risk
2190-PHBHR,No,No,0.044,Low Risk
5914-XRFQB,No,No,0.044,Low Risk
9788-HNGUT,No,No,0.044,Low Risk
8975-SKGRX,No,No,0.044,Low Risk
9637-CDTKZ,No,No,0.044,Low Risk
6631-HMANX,No,No,0.0437,Low Risk
3649-JPUGY,No,No,0.0437,Low Risk
0078-XZMHT,No,No,0.0437,Low Risk
5820-PTRYM,No,No,0.0437,Low Risk
0654-PQKDW,No,No,0.0437,Low Risk
2123-VSCOT,No,No,0.0437,Low Risk
6527-PZFPV,No,No,0.0436,Low Risk
1401-FTHFQ,No,No,0.0436,Low Risk
6100-FJZDG,No,No,0.0436,Low Risk
9330-DHBFL,No,No,0.0436,Low Risk
5519-TEEUH,No,No,0.0436,Low Risk
6772-WFQRD,No,No,0.0436,Low Risk
5924-SNGKP,No,No,0.0436,Low Risk
5627-TVBPP,No,No,0.0436,Low Risk
1776-SPBWV,No,No,0.0436,Low Risk
6543-JXSOO,No,No,0.0436,Low Risk
8763-KIAFH,No,No,0.0436,Low Risk
2650-GYRYL,No,No,0.0436,Low Risk
3653-NCRDJ,No,No,0.0436,Low Risk
5172-RKOCB,No,No,0.0436,Low Risk
1841-YSJGV,No,No,0.0436,Low Risk
8169-SAEJD,No,No,0.0436,Low Risk
8144-DGHXP,No,No,0.0436,Low Risk
8809-XKHMD,No,No,0.0436,Low Risk
4404-HIBDJ,Yes,No,0.0435,Low Risk
2521-NPUZR,No,No,0.0435,Low Risk
3067-SVMTC,No,No,0.0434,Low Risk
6504-VBLFL,No,No,0.0434,Low Risk
1699-UOTXU,No,No,0.0434,Low Risk
3911-RSNHI,No,No,0.0434,Low Risk
8745-PVESG,No,No,0.0433,Low Risk
0307-BCOPK,No,No,0.0433,Low Risk
6508-NJYRO,No,No,0.0433,Low Risk
7369-TRPFD,No,No,0.0433,Low Risk
8792-AOROI,No,No,0.0433,Low Risk
8328-SKJNO,No,No,0.0433,Low Risk
0056-EPFBG,No,No,0.0433,Low Risk
6152-ONASV,No,No,0.0433,Low Risk
4293-ETKAP,No,No,0.0433,Low Risk
4709-LKHYG,No,No,0.0433,Low Risk
2878-DHMIN,No,No,0.0433,Low Risk
6114-TCFID,No,No,0.0431,Low Risk
5126-RCXYW,No,No,0.043,Low Risk
5387-ASZNZ,No,No,0.0429,Low Risk
7375-WMVMT,No,No,0.0429,Low Risk
6229-UOLQL,No,No,0.0429,Low Risk
4565-EVZMJ,No,No,0.0429,Low Risk
9670-BPNXF,No,No,0.0429,Low Risk
6437-UDQJM,No,No,0.0429,Low Risk
0013-SMEOE,No,No,0.0429,Low Risk
0454-OKRCT,No,No,0.0428,Low Risk
8819-WFGGJ,No,No,0.0428,Low Risk
0323-XWWTN,No,No,0.0428,Low Risk
6121-TNHBO,No,No,0.0428,Low Risk
0412-UCCNP,No,No,0.0427,Low Risk
8628-MFKAX,No,No,0.0427,Low Risk
5451-YHYPW,No,No,0.0427,Low Risk
6904-JLBGY,No,No,0.0427,Low Risk
1779-PWPMG,No,No,0.0427,Low Risk
2388-LAESQ,No,No,0.0427,Low Risk
9239-GZHZE,No,No,0.0426,Low Risk
9298-WGMRW,No,No,0.0426,Low Risk
6650-BWFRT,No,No,0.0426,Low Risk
2121-JAFOM,No,No,0.0426,Low Risk
5183-KLYEM,No,No,0.0426,Low Risk
3669-WHAFY,No,No,0.0426,Low Risk
5038-ETMLM,No,No,0.0426,Low Risk
3963-RYFNS,No,No,0.0426,Low Risk
1043-UXOVO,No,No,0.0426,Low Risk
1960-UOTYM,No,No,0.0426,Low Risk
5781-BKHOP,No,No,0.0426,Low Risk
4835-YSJMR,No,No,0.0425,Low Risk
7153-CHRBV,No,No,0.0425,Low Risk
3489-VSFRD,No,No,0.0425,Low Risk
0536-ESJEP,No,No,0.0425,Low Risk
1904-WAJAA,No,No,0.0425,Low Risk
2256-YLYLP,No,No,0.0424,Low Risk
3258-SYSWS,No,No,0.0424,Low Risk
5197-LQXXH,No,No,0.0424,Low Risk
0788-DXBFY,No,No,0.0424,Low Risk
7073-QETQY,No,No,0.0424,Low Risk
4163-NCJAK,No,No,0.0424,Low Risk
7670-ZBPOQ,No,No,0.0423,Low Risk
0731-EBJQB,No,No,0.0423,Low Risk
8571-ZCMCX,No,No,0.0423,Low Risk
4615-PIVVU,No,No,0.0423,Low Risk
5232-NXPAY,No,No,0.0423,Low Risk
0269-XFESX,No,No,0.0423,Low Risk
7779-ORAEL,No,No,0.0422,Low Risk
1371-OJCEK,No,No,0.0421,Low Risk
6765-MBQNU,No,No,0.0421,Low Risk
3506-OVLKD,No,No,0.0421,Low Risk
2332-TODQS,No,No,0.0421,Low Risk
9891-NQDBD,No,No,0.0421,Low Risk
9995-HOTOH,No,No,0.0421,Low Risk
7247-XOZPB,No,No,0.0421,Low Risk
7138-GIRSH,No,No,0.042,Low Risk
8292-FRFZQ,No,No,0.042,Low Risk
6810-VCAEX,No,No,0.042,Low Risk
5762-TJXGK,No,No,0.042,Low Risk
6950-TWMYB,No,No,0.042,Low Risk
9470-YFUYI,No,No,0.042,Low Risk
7452-FOLON,No,No,0.0419,Low Risk
8277-RVRSV,No,No,0.0419,Low Risk
4538-WNTMJ,No,No,0.0419,Low Risk
6754-WKSHP,No,No,0.0419,Low Risk
3935-TBRZZ,No,No,0.0419,Low Risk
0916-KNFAJ,No,No,0.0418,Low Risk
2606-PKWJB,No,No,0.0418,Low Risk
1063-DHQJF,No,No,0.0418,Low Risk
6427-FEFIG,No,No,0.0418,Low Risk
3745-HRPHI,No,No,0.0418,Low Risk
0277-ORXQS,No,No,0.0418,Low Risk
1139-WUOAH,No,No,0.0418,Low Risk
2351-BKRZW,No,No,0.0418,Low Risk
6919-ELBGL,No,No,0.0416,Low Risk
8606-CIQUL,No,No,0.0416,Low Risk
9560-BBZXK,No,No,0.0416,Low Risk
2933-XEUJM,No,No,0.0416,Low Risk
3726-TBHQT,No,No,0.0416,Low Risk
3892-NXAZG,No,No,0.0416,Low Risk
3258-ZKPAI,No,No,0.0416,Low Risk
0266-GMEAO,No,No,0.0416,Low Risk
3520-FJGCV,No,No,0.0416,Low Risk
2223-GDSHL,No,No,0.0416,Low Risk
4376-KFVRS,No,No,0.0416,Low Risk
5696-JVVQY,No,No,0.0415,Low Risk
2812-REYAT,No,No,0.0415,Low Risk
0567-XRHCU,No,No,0.0415,Low Risk
9805-FILKB,No,No,0.0415,Low Risk
0129-QMPDR,No,No,0.0415,Low Risk
6176-YJWAS,No,No,0.0414,Low Risk
9236-NDUCW,No,No,0.0414,Low Risk
8915-NNTRC,No,No,0.0413,Low Risk
7244-KXYZN,No,No,0.0412,Low Risk
8884-FEEWR,No,No,0.0412,Low Risk
1686-STUHN,No,No,0.0412,Low Risk
7190-XHTWJ,No,No,0.0412,Low Risk
3778-FOAQW,No,No,0.0412,Low Risk
3486-NPGST,No,No,0.0412,Low Risk
6061-PQHMK,No,No,0.0412,Low Risk
2277-AXSDC,No,No,0.0412,Low Risk
6447-EGDIV,No,No,0.0412,Low Risk
5474-LAMUQ,No,No,0.0412,Low Risk
9824-QCJPK,No,No,0.0412,Low Risk
2122-SZZZD,No,No,0.0412,Low Risk
1682-VCOIO,No,No,0.0412,Low Risk
0048-PIHNL,No,No,0.0412,Low Risk
8430-TWCBX,No,No,0.0412,Low Risk
5871-DGTXZ,No,No,0.0412,Low Risk
9509-MPYOD,No,No,0.0412,Low Risk
6479-OAUSD,No,No,0.0412,Low Risk
1293-HHSHJ,No,No,0.0412,Low Risk
5914-GXMDA,No,No,0.0412,Low Risk
1755-FZQEC,No,No,0.0412,Low Risk
0219-QAERP,No,No,0.0412,Low Risk
9347-AERRL,No,No,0.0412,Low Risk
4795-UXVCJ,No,No,0.0412,Low Risk
4980-URKXC,No,No,0.0412,Low Risk
2150-OEGBV,No,No,0.0412,Low Risk
8512-WIWYV,No,No,0.0412,Low Risk
3985-HOYPM,No,No,0.0412,Low Risk
5918-VUKWP,No,No,0.0412,Low Risk
7026-YMSBE,No,No,0.0412,Low Risk
7137-NAXML,No,No,0.0412,Low Risk
5380-XPJNZ,No,No,0.0412,Low Risk
7305-ZWMAJ,No,No,0.0412,Low Risk
8327-WKMIE,No,No,0.0412,Low Risk
3594-BDSOA,No,No,0.0412,Low Risk
4716-MRVEN,No,No,0.0412,Low Risk
1872-EBWSC,No,No,0.0412,Low Risk
8859-YSTWS,No,No,0.0412,Low Risk
0902-RFHOF,No,No,0.0412,Low Risk
3079-BCHLN,No,No,0.0412,Low Risk
5214-CHIWJ,No,No,0.0412,Low Risk
2239-CGBUZ,No,No,0.0412,Low Risk
7501-IWUNG,No,No,0.0411,Low Risk
2324-AALNO,No,No,0.0411,Low Risk
4872-VXRIL,No,No,0.0411,Low Risk
3280-NMUVX,No,No,0.0411,Low Risk
5876-QMYLD,No,No,0.0411,Low Risk
5986-WWXDV,No,No,0.0411,Low Risk
0835-DUUIQ,No,No,0.0411,Low Risk
8194-PEEBY,No,No,0.0411,Low Risk
9067-SQTNS,No,No,0.0411,Low Risk
6827-IEAUQ,No,No,0.0411,Low Risk
2819-GWENI,No,No,0.0411,Low Risk
1934-MKPXS,No,No,0.0411,Low Risk
9620-QJREV,No,No,0.0411,Low Risk
8590-OHDIW,No,No,0.0411,Low Risk
7061-OVMIM,No,No,0.0411,Low Risk
8008-OTEZX,No,No,0.0411,Low Risk
0969-RGKCU,No,No,0.0411,Low Risk
7560-QRBXH,No,No,0.0411,Low Risk
5177-RVZNU,No,No,0.0411,Low Risk
1757-TCATG,No,No,0.0411,Low Risk
2821-WARNZ,No,No,0.0411,Low Risk
7216-KAOID,No,No,0.0411,Low Risk
6563-VRERX,No,No,0.0411,Low Risk
4487-ZYJZK,No,No,0.0411,Low Risk
4962-CHQPW,No,No,0.0411,Low Risk
6082-OQFBA,No,No,0.0411,Low Risk
5849-ASHZJ,No,No,0.0411,Low Risk
9801-NOSHQ,No,No,0.0411,Low Risk
7328-OWMOM,No,No,0.0411,Low Risk
1834-WULEG,No,No,0.0411,Low Risk
1269-FOYWN,No,No,0.0411,Low Risk
4955-VCWBI,No,No,0.0411,Low Risk
8902-ZEOVF,No,No,0.0411,Low Risk
7632-YUTXB,No,No,0.0411,Low Risk
4518-FZBSX,No,No,0.0411,Low Risk
1403-LKLIK,No,No,0.0411,Low Risk
5313-FPXWG,No,No,0.041,Low Risk
4163-HFTUK,No,No,0.041,Low Risk
3638-WEABW,No,No,0.0409,Low Risk
7570-WELNY,No,No,0.0409,Low Risk
8513-OLYGY,No,No,0.0409,Low Risk
4737-HOBAX,No,No,0.0408,Low Risk
2245-ADZFJ,No,No,0.0408,Low Risk
6685-GBWJZ,No,No,0.0408,Low Risk
4632-XJMEX,No,No,0.0407,Low Risk
8469-SNFFH,No,No,0.0407,Low Risk
5125-CNDSP,No,No,0.0407,Low Risk
5702-KVQRD,No,No,0.0406,Low Risk
9675-ICXCT,No,No,0.0406,Low Risk
1177-XZBJL,No,No,0.0406,Low Risk
6435-VWCCY,No,No,0.0405,Low Risk
0707-HOVVN,No,No,0.0405,Low Risk
5324-KTGCG,No,No,0.0405,Low Risk
7103-ZGVNT,No,No,0.0405,Low Risk
3108-PCCGG,No,No,0.0405,Low Risk
4825-XJGDM,No,No,0.0405,Low Risk
3831-YCPUO,No,No,0.0404,Low Risk
3410-YOQBQ,No,No,0.0404,Low Risk
8871-JLMHM,No,No,0.0404,Low Risk
7173-TETGO,No,No,0.0403,Low Risk
3810-DVDQQ,No,No,0.0403,Low Risk
0017-IUDMW,No,No,0.0403,Low Risk
6007-TCTST,No,No,0.0403,Low Risk
0675-NCDYU,No,No,0.0403,Low Risk
1488-PBLJN,No,No,0.0403,Low Risk
6859-QNXIQ,No,No,0.0403,Low Risk
1352-HNSAW,No,No,0.0403,Low Risk
3887-PBQAO,No,No,0.04,Low Risk
6729-FZWSY,No,No,0.0399,Low Risk
3712-PKXZA,No,No,0.0399,Low Risk
3161-ONRWK,No,No,0.0399,Low Risk
9447-YPTBX,No,No,0.0399,Low Risk
4893-GYUJU,No,No,0.0399,Low Risk
7297-DVYGA,No,No,0.0399,Low Risk
8331-ZXFOE,No,No,0.0398,Low Risk
0334-ZFJSR,No,No,0.0398,Low Risk
5893-PYOLZ,No,No,0.0398,Low Risk
5266-PFRQK,No,No,0.0398,Low Risk
5774-QPLTF,No,No,0.0398,Low Risk
9553-DLCLU,No,No,0.0398,Low Risk
0784-GTUUK,No,No,0.0398,Low Risk
6332-FBZRI,No,No,0.0397,Low Risk
6898-RBTLU,No,No,0.0397,Low Risk
0906-QVPMS,No,No,0.0397,Low Risk
3508-CFVZL,No,No,0.0397,Low Risk
7359-WWYJV,No,No,0.0397,Low Risk
8454-AATJP,No,No,0.0397,Low Risk
8670-ERCJH,No,No,0.0397,Low Risk
0378-CJKPV,No,No,0.0397,Low Risk
9739-JLPQJ,No,No,0.0397,Low Risk
2969-VAPYH,No,No,0.0397,Low Risk
5397-NSKQG,No,No,0.0397,Low Risk
6546-OPBBH,No,No,0.0397,Low Risk
5906-DVAPM,No,No,0.0396,Low Risk
8191-XWSZG,No,No,0.0396,Low Risk
9602-WCXPI,No,No,0.0396,Low Risk
2589-AYCRP,No,No,0.0396,Low Risk
6532-YLWSI,Yes,No,0.0396,Low Risk
9968-FFVVH,No,No,0.0395,Low Risk
3950-VPYJB,No,No,0.0395,Low Risk
5196-WPYOW,No,No,0.0395,Low Risk
1937-OTUKY,No,No,0.0395,Low Risk
0942-KOWSM,No,No,0.0394,Low Risk
1431-AIDJQ,No,No,0.0394,Low Risk
3251-YMVWZ,No,No,0.0394,Low Risk
9503-XJUME,No,No,0.0394,Low Risk
9170-ARBTB,No,No,0.0394,Low Risk
1722-LDZJS,No,No,0.0394,Low Risk
8249-THVEC,No,No,0.0394,Low Risk
7872-BAAZR,No,No,0.0394,Low Risk
0739-UUAJR,No,No,0.0394,Low Risk
2581-VKIRT,No,No,0.0394,Low Risk
8597-CTXVJ,No,No,0.0394,Low Risk
0771-CHWSK,No,No,0.0392,Low Risk
7054-DMVAS,No,No,0.039,Low Risk
4568-KNYWR,No,No,0.039,Low Risk
2987-BJXIK,No,No,0.0389,Low Risk
6625-IUTTT,No,No,0.0389,Low Risk
1335-MXCSE,No,No,0.0389,Low Risk
2904-GGUAZ,No,No,0.0388,Low Risk
2030-BTZRO,No,No,0.0388,Low Risk
2599-CIPQE,No,No,0.0388,Low Risk
2193-SFWQW,No,No,0.0388,Low Risk
7253-UVNDW,Yes,No,0.0388,Low Risk
2612-PHGOX,No,No,0.0388,Low Risk
0459-SPZHJ,No,No,0.0387,Low Risk
6980-CDGFC,No,No,0.0387,Low Risk
8207-DMRVL,No,No,0.0386,Low Risk
2040-XBAVJ,No,No,0.0386,Low Risk
5322-TEUJK,No,No,0.0386,Low Risk
9258-CNWAC,No,No,0.0386,Low Risk
6922-NCEDI,No,No,0.0386,Low Risk
4302-ZYFEL,No,No,0.0386,Low Risk
5642-MHDQT,No,No,0.0386,Low Risk
6339-RZCBJ,No,No,0.0386,Low Risk
2845-KDHVX,No,No,0.0386,Low Risk
9361-YNQWJ,No,No,0.0385,Low Risk
2710-WYVXG,No,No,0.0385,Low Risk
8414-OOEEL,No,No,0.0385,Low Risk
3727-OVPRY,No,No,0.0385,Low Risk
5451-MHQOF,No,No,0.0385,Low Risk
1074-WVEVG,No,No,0.0384,Low Risk
8241-JUIQO,No,No,0.0384,Low Risk
9639-BUJXT,No,No,0.0384,Low Risk
0621-TSSMU,No,No,0.0384,Low Risk
7706-YLMQA,No,No,0.0384,Low Risk
4526-RMTLL,No,No,0.0384,Low Risk
1333-PBMXB,No,No,0.0384,Low Risk
7771-CFQRQ,No,No,0.0384,Low Risk
8042-RNLKO,No,No,0.0383,Low Risk
8592-PLTMQ,No,No,0.0383,Low Risk
7471-WNSUF,No,No,0.0383,Low Risk
2662-NNTDK,No,No,0.0383,Low Risk
9067-YGSCA,No,No,0.0383,Low Risk
4644-OBGFZ,No,No,0.0383,Low Risk
1813-JLKWR,No,No,0.0383,Low Risk
4636-TVXVG,No,No,0.0383,Low Risk
6248-BSHKG,No,No,0.0383,Low Risk
5016-LIPDW,No,No,0.0383,Low Risk
7284-ZZLOH,No,No,0.0383,Low Risk
6242-FEGFD,No,No,0.0382,Low Risk
5201-CBWYG,No,No,0.0381,Low Risk
6096-EGVTU,No,No,0.0381,Low Risk
1599-EAHXY,No,No,0.0381,Low Risk
5726-CVNYA,No,No,0.0381,Low Risk
9477-LGWQI,No,No,0.0381,Low Risk
6549-BTYPG,No,No,0.0381,Low Risk
0214-JHPFW,No,No,0.0381,Low Risk
9541-ZPSEA,No,No,0.038,Low Risk
1206-EHBDD,No,No,0.038,Low Risk
3230-JCNZS,No,No,0.038,Low Risk
9565-FLVCG,No,No,0.0379,Low Risk
3174-AKMAS,No,No,0.0379,Low Risk
8181-YHCMF,No,No,0.0379,Low Risk
5716-EZXZN,No,No,0.0378,Low Risk
8766-PAFNE,No,No,0.0378,Low Risk
1972-XMUWV,No,No,0.0377,Low Risk
4513-CXYIX,No,No,0.0377,Low Risk
4115-BNPJY,No,No,0.0376,Low Risk
3549-ZTMNH,No,No,0.0376,Low Risk
8612-GXIDD,No,No,0.0376,Low Risk
1085-LDWAM,No,No,0.0374,Low Risk
5394-MEITZ,No,No,0.0373,Low Risk
5816-JMLGY,No,No,0.0373,Low Risk
5135-RDDQL,No,No,0.0373,Low Risk
4121-AGSIN,No,No,0.0373,Low Risk
8390-FESFV,No,No,0.0372,Low Risk
2990-OGYTD,No,No,0.0372,Low Risk
8060-HIWJJ,No,No,0.0372,Low Risk
3654-ARMGP,No,No,0.0372,Low Risk
4676-WLUHT,No,No,0.0372,Low Risk
3796-ENZGF,No,No,0.0372,Low Risk
1830-GGFNM,No,No,0.0371,Low Risk
2225-ZRGSG,Yes,No,0.0371,Low Risk
1998-VHJHK,No,No,0.0371,Low Risk
6823-SIDFQ,No,No,0.0371,Low Risk
9732-OUYRN,No,No,0.0371,Low Risk
3572-UUHRS,No,No,0.0371,Low Risk
1439-LCGVL,No,No,0.0371,Low Risk
8873-TMKGR,No,No,0.0371,Low Risk
8639-NHQEI,No,No,0.0371,Low Risk
2211-RMNHO,No,No,0.037,Low Risk
3500-NSDOA,No,No,0.037,Low Risk
8722-PRFDV,No,No,0.0369,Low Risk
3057-VJJQE,No,No,0.0369,Low Risk
4849-PYRLQ,No,No,0.0368,Low Risk
6463-HHXJR,No,No,0.0368,Low Risk
5318-YKDPV,No,No,0.0367,Low Risk
6434-TTGJP,No,No,0.0367,Low Risk
7037-MTYVW,No,No,0.0366,Low Risk
9479-HYNYL,No,No,0.0366,Low Risk
7018-FPXHH,No,No,0.0366,Low Risk
5676-CFLYY,No,No,0.0365,Low Risk
3283-WCWXT,No,No,0.0365,Low Risk
9803-FTJCG,No,No,0.0365,Low Risk
0440-EKDCF,No,No,0.0365,Low Risk
3717-FDJFU,No,No,0.0364,Low Risk
4854-SSLTN,No,No,0.0364,Low Risk
9548-ZMVTX,No,No,0.0364,Low Risk
1172-VIYBP,No,No,0.0362,Low Risk
7554-NEWDD,No,No,0.0362,Low Risk
7524-VRLPL,No,No,0.0361,Low Risk
8587-XYZSF,No,No,0.0361,Low Risk
0114-IGABW,No,No,0.0361,Low Risk
9385-NXKDA,No,No,0.036,Low Risk
3704-IEAXF,No,No,0.0359,Low Risk
7564-GHCVB,No,No,0.0359,Low Risk
1813-JYWTO,No,No,0.0359,Low Risk
0420-TXVSG,No,No,0.0359,Low Risk
0298-XACET,No,No,0.0358,Low Risk
9451-WLYRI,No,No,0.0356,Low Risk
4915-BFSXL,No,No,0.0355,Low Risk
5181-OABFK,No,No,0.0355,Low Risk
2296-DKZFP,No,No,0.0354,Low Risk
3533-UVMOM,No,No,0.0354,Low Risk
7301-ABVAD,No,No,0.0353,Low Risk
9339-FIIJL,No,No,0.0353,Low Risk
5003-XZWWO,No,No,0.0353,Low Risk
0379-DJQHR,No,No,0.0353,Low Risk
9028-LIHRP,No,No,0.0353,Low Risk
2824-DXNKN,No,No,0.0352,Low Risk
5993-JSUWV,No,No,0.0349,Low Risk
5130-YPIRV,No,No,0.0349,Low Risk
8050-DVOJX,No,No,0.0349,Low Risk
7306-YDSOI,No,No,0.0349,Low Risk
5067-WJEUN,No,No,0.0349,Low Risk
3544-FBCAS,No,No,0.0349,Low Risk
7527-QNRUS,No,No,0.0349,Low Risk
7996-BPXHY,No,No,0.0349,Low Risk
2995-YWTCD,No,No,0.0349,Low Risk
9648-BCHKM,No,No,0.0349,Low Risk
2017-CCBLH,No,No,0.0349,Low Risk
3546-GHEAE,No,No,0.0349,Low Risk
9150-KPBJQ,No,No,0.0349,Low Risk
7196-LIWRH,No,No,0.0349,Low Risk
9030-QGZNL,No,No,0.0349,Low Risk
8388-DMKAE,No,No,0.0349,Low Risk
5862-BRIXZ,No,No,0.0348,Low Risk
6177-PEVRA,No,No,0.0348,Low Risk
3933-DQPWX,No,No,0.0348,Low Risk
6701-DHKWQ,No,No,0.0347,Low Risk
6723-CEGQI,No,No,0.0347,Low Risk
2162-FRZAA,No,No,0.0347,Low Risk
5057-RKGLH,No,No,0.0347,Low Risk
8314-HTWVE,No,No,0.0347,Low Risk
9424-CMPOG,No,No,0.0347,Low Risk
3352-RICWQ,No,No,0.0347,Low Risk
7337-CINUD,No,No,0.0347,Low Risk
8148-WOCMK,No,No,0.0347,Low Risk
0224-NIJLP,No,No,0.0347,Low Risk
5647-URDKA,No,No,0.0347,Low Risk
2229-DPMBI,No,No,0.0347,Low Risk
1455-HFBXA,No,No,0.0346,Low Risk
6368-TZZDT,No,No,0.0346,Low Risk
0754-EEBDC,No,No,0.0346,Low Risk
1354-YZFNB,No,No,0.0346,Low Risk
5751-USDBL,No,No,0.0346,Low Risk
8345-MVDYC,No,No,0.0346,Low Risk
6516-NKQBO,No,No,0.0346,Low Risk
1697-LYYYX,No,No,0.0344,Low Risk
7009-PCARS,No,No,0.0344,Low Risk
6051-PTVNS,No,No,0.0344,Low Risk
9194-GFVOI,No,No,0.0344,Low Risk
4500-HKANN,No,No,0.0344,Low Risk
8208-EUMTE,No,No,0.0343,Low Risk
5469-NUJUR,No,No,0.0343,Low Risk
1790-NESIO,No,No,0.0343,Low Risk
9108-EQPNQ,No,No,0.0342,Low Risk
1734-ZMNTZ,No,No,0.0342,Low Risk
5197-YPYBZ,No,No,0.0342,Low Risk
0604-THJFP,No,No,0.0342,Low Risk
2560-QTSBS,No,No,0.0342,Low Risk
5329-KRDTM,No,No,0.0341,Low Risk
6953-PBDIN,No,No,0.0341,Low Risk
3298-QEICA,No,No,0.0341,Low Risk
2335-GSODA,No,No,0.0341,Low Risk
0191-EQUUH,No,No,0.0341,Low Risk
6122-EFVKN,No,No,0.0341,Low Risk
1930-QPBVZ,No,No,0.0339,Low Risk
4295-YURET,No,No,0.0339,Low Risk
6463-MVYRY,No,No,0.0338,Low Risk
2192-OZITF,No,No,0.0337,Low Risk
6064-ZATLR,No,No,0.0337,Low Risk
4992-LTJNE,No,No,0.0337,Low Risk
9489-DEDVP,No,No,0.0337,Low Risk
8007-YYPWD,No,No,0.0335,Low Risk
2706-QZIHY,No,No,0.0335,Low Risk
8039-ACLPL,No,No,0.0334,Low Risk
4664-NJCMS,No,No,0.0334,Low Risk
7639-LIAYI,No,No,0.0334,Low Risk
8908-SLFCJ,No,No,0.0333,Low Risk
5495-GPSRW,No,No,0.0333,Low Risk
2138-VFAPZ,No,No,0.0331,Low Risk
3078-ZKNTS,No,No,0.0331,Low Risk
3230-IUALN,No,No,0.0331,Low Risk
0343-QLUZP,No,No,0.0331,Low Risk
8670-MEFCP,No,No,0.0331,Low Risk
7609-YBPXG,No,No,0.033,Low Risk
6166-YIPFO,No,No,0.033,Low Risk
6691-CCIHA,No,No,0.033,Low Risk
1642-HMARX,No,No,0.033,Low Risk
2088-IEBAU,No,No,0.033,Low Risk
5840-NVDCG,No,No,0.033,Low Risk
2587-YNLES,No,No,0.0329,Low Risk
3884-UEBXB,No,No,0.0329,Low Risk
0556-FJEGU,No,No,0.0329,Low Risk
0602-DDUML,No,No,0.0329,Low Risk
9281-CEDRU,No,No,0.0329,Low Risk
0014-BMAQU,No,No,0.0329,Low Risk
0513-RBGPE,No,No,0.0328,Low Risk
2661-GKBTK,No,No,0.0328,Low Risk
7633-MVPUY,No,No,0.0328,Low Risk
2863-IMQDR,No,No,0.0327,Low Risk
0455-ENTCR,No,No,0.0327,Low Risk
1093-YSWCA,No,No,0.0327,Low Risk
6698-OXETB,No,No,0.0327,Low Risk
6518-KZXCB,No,No,0.0326,Low Risk
4950-HKQTE,No,No,0.0326,Low Risk
2384-OVPSA,No,No,0.0326,Low Risk
6828-HMKWP,No,No,0.0325,Low Risk
0486-LGCCH,No,No,0.0325,Low Risk
0064-SUDOG,No,No,0.0325,Low Risk
4573-JKNAE,No,No,0.0325,Low Risk
5158-RIVOP,No,No,0.0325,Low Risk
5442-PPTJY,No,No,0.0325,Low Risk
1494-EJZDW,No,No,0.0325,Low Risk
9885-MFVSU,No,No,0.0325,Low Risk
7321-ZNSLA,No,No,0.0325,Low Risk
6288-CHQJB,No,No,0.0325,Low Risk
3133-PZNSR,No,No,0.0325,Low Risk
1194-BHJYC,No,No,0.0325,Low Risk
9888-ZCUMM,No,No,0.0325,Low Risk
5982-PSMKW,No,No,0.0324,Low Risk
6234-RAAPL,No,No,0.0324,Low Risk
5176-OLSKT,No,No,0.0323,Low Risk
4102-HLENU,No,No,0.0323,Low Risk
7139-JZFVG,No,No,0.0323,Low Risk
0848-SOMKO,No,No,0.0321,Low Risk
7131-ZQZNK,No,No,0.0321,Low Risk
8039-EQPIM,No,No,0.0321,Low Risk
6762-QVYJO,No,No,0.0321,Low Risk
8316-BBQAY,No,No,0.0321,Low Risk
1459-QNFQT,No,No,0.0321,Low Risk
0973-KYVNF,No,No,0.032,Low Risk
3308-JSGML,No,No,0.032,Low Risk
7973-DZRKH,No,No,0.0319,Low Risk
5458-CQJTA,Yes,No,0.0318,Low Risk
8606-OEGQZ,No,No,0.0317,Low Risk
1092-WPIVQ,No,No,0.0317,Low Risk
3129-AAQOU,No,No,0.0317,Low Risk
7233-PAHHL,No,No,0.0317,Low Risk
2428-HYUNX,No,No,0.0317,Low Risk
4654-ULTTN,No,No,0.0317,Low Risk
0674-GCDXG,No,No,0.0317,Low Risk
7605-BDWDC,No,No,0.0316,Low Risk
8106-GWQOK,No,No,0.0316,Low Risk
2773-MADBQ,No,No,0.0316,Low Risk
6418-PIQSP,No,No,0.0315,Low Risk
7560-QJAVJ,No,No,0.0315,Low Risk
9481-WHGWY,No,No,0.0315,Low Risk
9993-LHIEB,No,No,0.0315,Low Risk
4312-GVYNH,No,No,0.0314,Low Risk
1837-YQUCE,No,No,0.0314,Low Risk
5317-FLPJF,No,No,0.0314,Low Risk
3166-PNEOF,No,No,0.0314,Low Risk
2885-HIJDH,No,No,0.0314,Low Risk
9068-VPWQQ,No,No,0.0314,Low Risk
9224-VTYID,No,No,0.0314,Low Risk
2057-BOYKM,No,No,0.0314,Low Risk
3841-NFECX,No,No,0.0314,Low Risk
6048-NJXHX,No,No,0.0314,Low Risk
0526-SXDJP,No,No,0.0314,Low Risk
5453-YBTWV,No,No,0.0313,Low Risk
1568-BEKZM,No,No,0.0313,Low Risk
6870-ZWMNX,No,No,0.0312,Low Risk
2005-DWQZJ,No,No,0.0312,Low Risk
3511-BFTJW,No,No,0.0312,Low Risk
7622-FWGEW,No,No,0.0312,Low Risk
2400-XIWIO,No,No,0.031,Low Risk
1716-LSAMB,No,No,0.031,Low Risk
9871-ELEYA,No,No,0.031,Low Risk
2000-DHJUY,No,No,0.031,Low Risk
8174-TBVCF,No,No,0.0309,Low Risk
2516-XSJKX,No,No,0.0309,Low Risk
6867-ACCZI,No,No,0.0309,Low Risk
9110-HSGTV,No,No,0.0309,Low Risk
1221-GHZEP,No,No,0.0308,Low Risk
4883-KCPZJ,No,No,0.0308,Low Risk
9867-XOBQA,No,No,0.0308,Low Risk
0336-KXKFK,No,No,0.0308,Low Risk
0436-TWFFZ,No,No,0.0307,Low Risk
0383-CLDDA,No,No,0.0307,Low Risk
6248-TKCQV,No,No,0.0307,Low Risk
2404-JIBFC,No,No,0.0307,Low Risk
9795-NREXC,No,No,0.0307,Low Risk
7921-BEPCI,No,No,0.0306,Low Risk
5656-MJEFC,No,No,0.0306,Low Risk
9674-EHPPG,No,No,0.0306,Low Risk
4837-PZTIC,No,No,0.0306,Low Risk
6119-SPUDB,No,No,0.0306,Low Risk
7665-NKLAV,No,No,0.0306,Low Risk
5788-YPOEG,No,No,0.0306,Low Risk
8098-TDCBU,No,No,0.0305,Low Risk
7860-KSUGX,No,No,0.0305,Low Risk
6963-EZQEE,No,No,0.0305,Low Risk
6719-FGEDO,No,No,0.0305,Low Risk
7722-VJRQD,No,No,0.0305,Low Risk
6120-RJKLU,No,No,0.0304,Low Risk
0017-DINOC,No,No,0.0303,Low Risk
1245-HARPS,No,No,0.0303,Low Risk
9227-UAQFT,No,No,0.0303,Low Risk
7277-KAMWT,No,No,0.0303,Low Risk
4452-ROHMO,No,No,0.0303,Low Risk
1328-EUZHC,No,No,0.0303,Low Risk
3525-DVKFN,No,No,0.0303,Low Risk
5696-EXCYS,No,No,0.0303,Low Risk
5063-IUOKK,No,No,0.0303,Low Risk
5014-GSOUQ,No,No,0.0303,Low Risk
2333-KWEWW,No,No,0.0303,Low Risk
3865-ZFZIB,No,No,0.0303,Low Risk
1498-NHTLT,No,No,0.0303,Low Risk
4994-OBRSZ,No,No,0.0302,Low Risk
8398-TBIYD,No,No,0.0302,Low Risk
4381-MHQDC,No,No,0.0302,Low Risk
5846-NEQVZ,No,No,0.0302,Low Risk
1843-TLSGD,No,No,0.0302,Low Risk
0854-UYHZD,No,No,0.0302,Low Risk
8999-EXMNO,No,No,0.0302,Low Risk
1635-HDGFT,No,No,0.0302,Low Risk
2266-FUBDZ,No,No,0.0302,Low Risk
1699-TLDLZ,No,No,0.0302,Low Risk
2892-GESUL,No,No,0.0302,Low Risk
3978-YNKDD,No,No,0.0302,Low Risk
4804-NCPET,No,No,0.0302,Low Risk
6696-YDAYZ,No,No,0.0302,Low Risk
6656-GULJQ,No,No,0.0301,Low Risk
8999-YPYBV,No,No,0.03,Low Risk
5583-EJXRD,No,No,0.03,Low Risk
9073-ZZIAY,No,No,0.03,Low Risk
0263-FJTQO,No,No,0.0299,Low Risk
0248-PGHBZ,No,No,0.0299,Low Risk
8146-QQKZH,No,No,0.0299,Low Risk
6439-PKTRR,No,No,0.0299,Low Risk
9769-TSBZE,No,No,0.0298,Low Risk
7401-JIXNM,No,No,0.0298,Low Risk
3720-DBRWL,No,No,0.0298,Low Risk
4723-BEGSG,No,No,0.0298,Low Risk
3262-EIDHV,No,No,0.0298,Low Risk
3938-YFPXD,No,No,0.0298,Low Risk
5129-HHMZC,No,No,0.0298,Low Risk
8242-PDSGJ,No,No,0.0297,Low Risk
7109-CQYUZ,No,No,0.0297,Low Risk
8336-TAVKX,No,No,0.0297,Low Risk
3219-JQRSL,No,No,0.0297,Low Risk
2176-LVPNX,No,No,0.0297,Low Risk
4194-FJARJ,No,No,0.0296,Low Risk
6258-PVZWJ,No,No,0.0296,Low Risk
0057-QBUQH,No,No,0.0296,Low Risk
5456-ITGIC,No,No,0.0296,Low Risk
2274-XUATA,No,No,0.0296,Low Risk
4334-HOWRP,No,No,0.0296,Low Risk
8580-QVLOC,Yes,No,0.0295,Low Risk
2999-AANRQ,No,No,0.0294,Low Risk
4703-MQYKT,No,No,0.0294,Low Risk
5148-HKFIR,No,No,0.0294,Low Risk
5472-CVMDX,No,No,0.0294,Low Risk
8069-RHUXK,No,No,0.0294,Low Risk
8882-TLVRW,No,No,0.0294,Low Risk
3082-YVEKW,No,No,0.0294,Low Risk
7340-KEFQE,No,No,0.0293,Low Risk
1223-UNPKS,No,No,0.0293,Low Risk
7977-HXJKU,No,No,0.0293,Low Risk
4178-EGMON,No,No,0.0293,Low Risk
5494-WOZRZ,No,No,0.0293,Low Risk
1027-LKKQQ,No,No,0.0293,Low Risk
6418-HNFED,No,No,0.0292,Low Risk
4698-KVLLG,No,No,0.0292,Low Risk
3557-HTYWR,No,No,0.0292,Low Risk
6695-FRVEC,No,No,0.0291,Low Risk
2725-TTRIQ,No,No,0.0291,Low Risk
8125-QPFJD,No,No,0.0291,Low Risk
2226-ICFDO,No,No,0.0291,Low Risk
8661-BOYNW,No,No,0.0291,Low Risk
4827-DPADN,No,No,0.0291,Low Risk
2498-XLDZR,No,No,0.0291,Low Risk
2167-FQSTQ,No,No,0.0291,Low Risk
4024-CSNBY,No,No,0.0291,Low Risk
6925-BAYGL,No,No,0.0291,Low Risk
6586-MYGKD,No,No,0.0291,Low Risk
0945-TSONX,No,No,0.029,Low Risk
4526-EXKKN,No,No,0.029,Low Risk
3891-NLXJB,No,No,0.0289,Low Risk
8626-PTQGE,No,No,0.0289,Low Risk
3813-DHBBB,No,No,0.0289,Low Risk
5075-JSDKI,No,No,0.0289,Low Risk
9359-JANWS,No,No,0.0289,Low Risk
9091-WTUUY,No,No,0.0289,Low Risk
9798-OPFEM,No,No,0.0288,Low Risk
2649-HWLYB,No,No,0.0288,Low Risk
8205-VSLRB,No,No,0.0288,Low Risk
3902-MIVLE,No,No,0.0288,Low Risk
3512-IZIKN,Yes,No,0.0287,Low Risk
9220-CXRSC,No,No,0.0287,Low Risk
2252-NKNSI,No,No,0.0287,Low Risk
4825-FUREZ,No,No,0.0287,Low Risk
5310-NOOVA,No,No,0.0287,Low Risk
0608-JDVEC,No,No,0.0287,Low Risk
4254-QPEDE,No,No,0.0286,Low Risk
6203-HBZPA,No,No,0.0286,Low Risk
1568-LJSZU,No,No,0.0286,Low Risk
8204-YJCLA,No,No,0.0286,Low Risk
1084-MNSMJ,No,No,0.0286,Low Risk
8631-NBHFZ,Yes,No,0.0285,Low Risk
8413-YNHNV,No,No,0.0285,Low Risk
7975-JMZNT,No,No,0.0285,Low Risk
9668-PUGNU,No,No,0.0284,Low Risk
7815-PDTHL,No,No,0.0284,Low Risk
7205-BAIAD,No,No,0.0284,Low Risk
3458-IDMFK,No,No,0.0284,Low Risk
0559-CKHUS,No,No,0.0284,Low Risk
7596-IIWYC,No,No,0.0284,Low Risk
0164-XAIRP,No,No,0.0284,Low Risk
3721-WKIIL,No,No,0.0284,Low Risk
0827-ITJPH,No,No,0.0284,Low Risk
4884-LEVMQ,No,No,0.0284,Low Risk
0301-KOBTQ,No,No,0.0284,Low Risk
6603-YRDCJ,No,No,0.0284,Low Risk
1985-MBRYP,No,No,0.0284,Low Risk
5542-NKVRU,No,No,0.0284,Low Risk
5231-FIQPA,No,No,0.0284,Low Risk
3227-WLKLI,No,No,0.0284,Low Risk
9135-MGVPY,No,No,0.0283,Low Risk
5485-ITNPC,No,No,0.0283,Low Risk
4006-HKYHO,No,No,0.0283,Low Risk
9548-LIGTA,No,No,0.0283,Low Risk
7197-VOJMM,No,No,0.0283,Low Risk
5248-KWLAR,No,No,0.0283,Low Risk
9178-JHUVJ,No,No,0.0283,Low Risk
1982-FEBTD,No,No,0.0283,Low Risk
7799-LGRDP,No,No,0.0283,Low Risk
1414-YADCW,No,No,0.0283,Low Risk
8221-HVAYI,No,No,0.0283,Low Risk
5930-GBIWP,No,No,0.0282,Low Risk
0909-SELIE,No,No,0.0282,Low Risk
2954-PIBKO,No,No,0.0281,Low Risk
1535-VTJOQ,No,No,0.0281,Low Risk
8515-OCTJS,Yes,No,0.0281,Low Risk
6609-MXJHJ,No,No,0.028,Low Risk
7951-QKZPL,Yes,No,0.028,Low Risk
5622-UEJFI,No,No,0.028,Low Risk
5249-QYHEX,No,No,0.028,Low Risk
8859-AXJZP,No,No,0.028,Low Risk
9717-IOAAF,No,No,0.028,Low Risk
8450-LUGUK,No,No,0.028,Low Risk
4782-OSFXZ,No,No,0.028,Low Risk
8404-VIOMB,No,No,0.028,Low Risk
1209-VFFOC,No,No,0.0279,Low Risk
8565-WUXZU,No,No,0.0279,Low Risk
1814-WFGVS,No,No,0.0279,Low Risk
2451-YMUXS,No,No,0.0279,Low Risk
7515-LODFU,No,No,0.0278,Low Risk
8148-NLEGT,No,No,0.0278,Low Risk
3812-LRZIR,No,No,0.0278,Low Risk
0361-HJRDX,No,No,0.0278,Low Risk
2535-PBCGC,No,No,0.0278,Low Risk
5227-JSCFE,No,No,0.0278,Low Risk
8468-FZTOE,No,No,0.0278,Low Risk
0016-QLJIS,No,No,0.0277,Low Risk
4176-RELJR,No,No,0.0277,Low Risk
3719-TDVQB,No,No,0.0275,Low Risk
8338-QIUNR,No,No,0.0275,Low Risk
1407-DIGZV,No,No,0.0275,Low Risk
9585-KKMFD,No,No,0.0275,Low Risk
8067-NIOYM,No,No,0.0275,Low Risk
9385-EHGDO,No,No,0.0275,Low Risk
1839-FBNFR,No,No,0.0275,Low Risk
5859-HZYLF,No,No,0.0275,Low Risk
9418-RUKPH,No,No,0.0275,Low Risk
8143-ETQTI,No,No,0.0275,Low Risk
1089-XZWHH,No,No,0.0275,Low Risk
8577-QSOCG,No,No,0.0275,Low Risk
9950-MTGYX,No,No,0.0275,Low Risk
6916-HIJSE,No,No,0.0275,Low Risk
9140-CZQZZ,No,No,0.0275,Low Risk
5680-LQOGP,No,No,0.0275,Low Risk
5148-ORICT,No,No,0.0274,Low Risk
4967-WPNCF,No,No,0.0274,Low Risk
8908-NMQTX,No,No,0.0274,Low Risk
4079-WWQQQ,No,No,0.0274,Low Risk
5406-KGRMX,No,No,0.0274,Low Risk
5296-PSYVW,No,No,0.0274,Low Risk
7688-AWMDX,No,No,0.0274,Low Risk
7503-MIOGA,No,No,0.0274,Low Risk
1265-ZFOSD,No,No,0.0273,Low Risk
2977-CEBSX,No,No,0.0273,Low Risk
6741-QRLUP,No,No,0.0273,Low Risk
7508-DQAKK,No,No,0.0273,Low Risk
8100-PNJMH,No,No,0.0273,Low Risk
3638-VBZTA,No,No,0.0273,Low Risk
6122-LJADA,No,No,0.0273,Low Risk
1187-WILMM,No,No,0.0273,Low Risk
6695-AMZUF,No,No,0.0273,Low Risk
3266-FTKHB,No,No,0.0273,Low Risk
7469-LKBCI,No,No,0.0273,Low Risk
5208-FVQKB,No,No,0.0273,Low Risk
0336-PIKEI,No,No,0.0273,Low Risk
1266-NZYUI,No,No,0.0272,Low Risk
4701-LKOZD,No,No,0.0272,Low Risk
7322-OCWHC,No,No,0.0272,Low Risk
3889-VWBID,No,No,0.0271,Low Risk
5457-COLHT,No,No,0.0271,Low Risk
7579-KKLOE,No,No,0.0271,Low Risk
4718-WXBGI,No,No,0.0271,Low Risk
7473-ZBDSN,No,No,0.0271,Low Risk
3454-JFUBC,No,No,0.0271,Low Risk
3398-GCPMU,No,No,0.0271,Low Risk
3146-MSEGF,No,No,0.0271,Low Risk
9348-ROUAI,No,No,0.027,Low Risk
0839-JTCUD,No,No,0.027,Low Risk
0123-CRBRT,No,No,0.027,Low Risk
8690-ZVLCL,No,No,0.027,Low Risk
7164-BPTUT,No,No,0.027,Low Risk
3779-OSWCF,No,No,0.027,Low Risk
9588-YRFHY,No,No,0.0269,Low Risk
0442-TDYUO,No,No,0.0269,Low Risk
9489-JMTTN,No,No,0.0269,Low Risk
9435-JMLSX,No,No,0.0269,Low Risk
2234-EOFPT,No,No,0.0269,Low Risk
7349-ALMUX,No,No,0.0268,Low Risk
9755-JHNMN,No,No,0.0268,Low Risk
6374-AFWOX,No,No,0.0268,Low Risk
4291-TPNFG,No,No,0.0268,Low Risk
5248-YGIJN,No,No,0.0268,Low Risk
5980-BDHPY,No,No,0.0268,Low Risk
5997-OPVFA,No,No,0.0268,Low Risk
6701-YVNQG,No,No,0.0268,Low Risk
7649-SIJJF,No,No,0.0268,Low Risk
5338-YHWYT,No,No,0.0267,Low Risk
3389-KTRXV,No,No,0.0266,Low Risk
3896-ZVNET,No,No,0.0266,Low Risk
3460-TJBWI,No,No,0.0266,Low Risk
0071-NDAFP,No,No,0.0266,Low Risk
2808-CHTDM,No,No,0.0266,Low Risk
1506-YJTYT,No,No,0.0266,Low Risk
2378-YIZKA,No,No,0.0266,Low Risk
8234-GSZYK,No,No,0.0265,Low Risk
1970-KKFWL,No,No,0.0265,Low Risk
4213-HKBJO,No,No,0.0265,Low Risk
3284-SVCRO,No,No,0.0265,Low Risk
3521-HTQTV,No,No,0.0265,Low Risk
5275-PMFUT,No,No,0.0265,Low Risk
5360-XGYAZ,No,No,0.0265,Low Risk
6348-SNFUS,No,No,0.0265,Low Risk
9242-TKFSV,No,No,0.0265,Low Risk
9443-JUBUO,No,No,0.0265,Low Risk
5248-RPYWW,No,No,0.0265,Low Risk
1897-OKVMW,No,No,0.0265,Low Risk
9227-YBAXE,No,No,0.0265,Low Risk
6369-MCAKO,No,No,0.0265,Low Risk
9415-ZNBSX,No,No,0.0265,Low Risk
7274-CGTOD,No,No,0.0264,Low Risk
8046-DNVTL,No,No,0.0264,Low Risk
0230-WEQUW,No,No,0.0264,Low Risk
7643-RCHXS,No,No,0.0264,Low Risk
0795-LAFGP,No,No,0.0264,Low Risk
2208-NKVVH,No,No,0.0264,Low Risk
3472-QPRCH,No,No,0.0264,Low Risk
2511-ALLCS,No,No,0.0264,Low Risk
5968-HYJRZ,No,No,0.0264,Low Risk
8874-EJNSR,No,No,0.0264,Low Risk
9650-VBUOG,No,No,0.0264,Low Risk
4779-ZGICK,No,No,0.0264,Low Risk
5322-ZSMZY,No,No,0.0264,Low Risk
6199-IPCAO,No,No,0.0264,Low Risk
3957-SQXML,No,No,0.0264,Low Risk
4652-ODEVH,No,No,0.0264,Low Risk
8966-KZXXA,No,No,0.0264,Low Risk
8219-VYBVI,No,No,0.0264,Low Risk
4896-CPRPF,No,No,0.0264,Low Risk
5320-BRKGK,No,No,0.0264,Low Risk
6115-ZTBFQ,No,No,0.0263,Low Risk
1116-FRYVH,No,No,0.0263,Low Risk
1635-NZATJ,No,No,0.0263,Low Risk
0795-XCCTE,No,No,0.0263,Low Risk
1131-QQZEB,No,No,0.0263,Low Risk
8735-SDUFN,No,No,0.0263,Low Risk
3836-FZSDJ,No,No,0.0263,Low Risk
2900-PHPLN,No,No,0.0263,Low Risk
1167-OYZJF,No,No,0.0263,Low Risk
3996-ZNWYK,No,No,0.0263,Low Risk
0774-RMNUW,No,No,0.0262,Low Risk
6614-YOLAC,No,No,0.0262,Low Risk
2314-TNDJQ,No,No,0.0262,Low Risk
5115-GZDEL,No,No,0.0262,Low Risk
4139-DETXS,No,No,0.0262,Low Risk
0769-MURVM,No,No,0.0262,Low Risk
9778-OGKQZ,No,No,0.0261,Low Risk
0318-ZOPWS,No,No,0.0261,Low Risk
5176-LMJXE,No,No,0.0261,Low Risk
5296-BFCYD,No,No,0.0261,Low Risk
0506-YLVKJ,No,No,0.0261,Low Risk
4973-MGTON,No,No,0.026,Low Risk
6384-VMJHP,No,No,0.026,Low Risk
5684-FJVYR,No,No,0.026,Low Risk
8917-FAEMR,No,No,0.0259,Low Risk
1087-GRUYI,No,No,0.0259,Low Risk
9646-NMHXE,No,No,0.0259,Low Risk
9631-RXVJM,No,No,0.0259,Low Risk
0839-QNXME,No,No,0.0259,Low Risk
5124-EOGYE,No,No,0.0259,Low Risk
9710-NJERN,No,No,0.0259,Low Risk
5171-EPLKN,No,No,0.0259,Low Risk
4625-LAMOB,No,No,0.0259,Low Risk
6000-UKLWI,No,No,0.0259,Low Risk
8174-LNWMW,No,No,0.0259,Low Risk
6551-VLJMV,No,No,0.0259,Low Risk
7552-KEYGT,No,No,0.0259,Low Risk
7945-PRBVF,No,No,0.0259,Low Risk
1627-AFWVJ,No,No,0.0259,Low Risk
6961-MJKBO,No,No,0.0259,Low Risk
6725-TPKJO,No,No,0.0259,Low Risk
2068-WWXQZ,No,No,0.0259,Low Risk
5093-FEGLU,No,No,0.0259,Low Risk
2346-CZYIL,No,No,0.0259,Low Risk
5529-GIBVH,No,No,0.0259,Low Risk
0936-NQLJU,No,No,0.0259,Low Risk
5006-MXVRN,No,No,0.0259,Low Risk
9624-EGDEQ,No,No,0.0259,Low Risk
0932-YIXYU,No,No,0.0259,Low Risk
9916-AYHTC,No,No,0.0259,Low Risk
9548-LERKT,No,No,0.0259,Low Risk
4361-FEBGN,No,No,0.0259,Low Risk
8402-OOOHJ,No,No,0.0259,Low Risk
1047-RNXZV,No,No,0.0259,Low Risk
0582-AVCLN,No,No,0.0259,Low Risk
1395-WSWXR,No,No,0.0259,Low Risk
3097-FQTVJ,No,No,0.0259,Low Risk
6425-JWTDV,No,No,0.0259,Low Risk
6265-FRMTQ,No,No,0.0259,Low Risk
8859-DZTGQ,No,No,0.0259,Low Risk
2300-RQGOI,No,No,0.0259,Low Risk
0362-RAOQO,No,No,0.0259,Low Risk
4735-BJKOU,No,No,0.0259,Low Risk
2805-AUFQN,No,No,0.0259,Low Risk
4012-YCFAI,No,No,0.0259,Low Risk
8218-FFJDS,No,No,0.0259,Low Risk
1971-DTCZB,No,No,0.0259,Low Risk
5727-MYATE,No,No,0.0259,Low Risk
4077-HWUYD,No,No,0.0259,Low Risk
1951-IEYXM,No,No,0.0259,Low Risk
6408-WHTEF,No,No,0.0259,Low Risk
5766-FTRTS,No,No,0.0259,Low Risk
9453-PATOS,No,No,0.0259,Low Risk
5707-ZMDJP,No,No,0.0258,Low Risk
7601-DHFWZ,No,No,0.0258,Low Risk
7601-GNDYK,No,No,0.0258,Low Risk
5465-BUBFA,No,No,0.0258,Low Risk
3070-FNFZQ,No,No,0.0258,Low Risk
7033-CLAMM,No,No,0.0258,Low Risk
4335-UPJSI,No,No,0.0258,Low Risk
7267-FRMJW,No,No,0.0258,Low Risk
1709-EJDOX,No,No,0.0258,Low Risk
8896-RAZCR,No,No,0.0258,Low Risk
6762-NSODU,No,No,0.0258,Low Risk
9938-PRCVK,No,No,0.0258,Low Risk
2642-MAWLJ,No,No,0.0258,Low Risk
3769-MHZNV,No,No,0.0258,Low Risk
0354-VXMJC,No,No,0.0258,Low Risk
7634-HLQJR,No,No,0.0258,Low Risk
6923-AQONU,No,No,0.0258,Low Risk
9975-GPKZU,No,No,0.0258,Low Risk
7321-KKSDU,No,No,0.0258,Low Risk
4609-KNNWG,No,No,0.0258,Low Risk
7850-THJMU,No,No,0.0258,Low Risk
8215-NGSPE,No,No,0.0258,Low Risk
7242-EDTYC,No,No,0.0258,Low Risk
6619-RPLQZ,No,No,0.0258,Low Risk
3451-VAWLI,No,No,0.0258,Low Risk
5970-GHJAW,No,No,0.0258,Low Risk
6479-SZPLM,No,No,0.0258,Low Risk
5242-UOWHD,No,No,0.0258,Low Risk
1270-XKUCC,No,No,0.0258,Low Risk
1306-RPWXZ,No,No,0.0258,Low Risk
2595-KIWPV,No,No,0.0258,Low Risk
8173-RXAYP,No,No,0.0258,Low Risk
0386-CWRGM,No,No,0.0258,Low Risk
3373-DIUUN,No,No,0.0258,Low Risk
5845-BZZIB,No,No,0.0258,Low Risk
2230-XTUWL,No,No,0.0258,Low Risk
4878-BUNFV,No,No,0.0258,Low Risk
5480-XTFFL,No,No,0.0258,Low Risk
4742-TXUEX,No,No,0.0258,Low Risk
4641-FROLU,No,No,0.0258,Low Risk
6169-PPETC,No,No,0.0258,Low Risk
1862-QRWPE,No,No,0.0258,Low Risk
9081-WWXKP,No,No,0.0258,Low Risk
1106-HRLKZ,No,No,0.0258,Low Risk
0625-AFOHS,No,No,0.0258,Low Risk
9251-AWQGT,No,No,0.0258,Low Risk
3190-ITQXP,No,No,0.0258,Low Risk
8922-NPKBJ,No,No,0.0258,Low Risk
9392-XBGTD,No,No,0.0258,Low Risk
9068-FHQHD,No,No,0.0258,Low Risk
5804-JMYIO,No,No,0.0258,Low Risk
2729-VNVAP,No,No,0.0258,Low Risk
7696-CFTAT,No,No,0.0258,Low Risk
8292-ITGYJ,No,No,0.0258,Low Risk
6813-GZQCG,No,No,0.0258,Low Risk
8295-KMENE,No,No,0.0258,Low Risk
3084-DOWLE,No,No,0.0257,Low Risk
6461-SZMCV,No,No,0.0257,Low Risk
7998-WNZEM,No,No,0.0257,Low Risk
7873-CVMAW,No,No,0.0257,Low Risk
2194-IIQOF,No,No,0.0257,Low Risk
0744-BIKKF,No,No,0.0257,Low Risk
6885-PKOAM,No,No,0.0257,Low Risk
2251-PYLPB,No,No,0.0257,Low Risk
8374-UULRV,No,No,0.0257,Low Risk
5879-HMFFH,No,No,0.0257,Low Risk
9065-ZCPQX,No,No,0.0257,Low Risk
7398-HPYZQ,No,No,0.0257,Low Risk
7898-PDWQE,No,No,0.0257,Low Risk
2160-GPFXD,No,No,0.0257,Low Risk
6479-VDGRK,No,No,0.0257,Low Risk
6997-UVGOX,No,No,0.0257,Low Risk
6365-HITVU,No,No,0.0257,Low Risk
6770-UAYGJ,No,No,0.0257,Low Risk
5939-SXWHM,No,No,0.0257,Low Risk
7781-HVGMK,No,No,0.0257,Low Risk
0301-FIDRB,No,No,0.0257,Low Risk
0363-SVHYR,No,No,0.0256,Low Risk
4674-HGNUA,No,No,0.0256,Low Risk
9114-DPSIA,No,No,0.0256,Low Risk
0730-BGQGF,No,No,0.0256,Low Risk
1775-KWJKQ,No,No,0.0256,Low Risk
7408-OFWXJ,No,No,0.0256,Low Risk
0988-AADSA,No,No,0.0256,Low Risk
5377-NDTOU,No,No,0.0256,Low Risk
2925-VDZHY,No,No,0.0256,Low Risk
0238-WHBIQ,No,No,0.0256,Low Risk
5117-ZSMHQ,No,No,0.0256,Low Risk
0562-KBDVM,No,No,0.0256,Low Risk
8780-YRMTT,No,No,0.0256,Low Risk
3399-BMLVW,No,No,0.0256,Low Risk
5334-AFQJB,No,No,0.0256,Low Risk
5605-XNWEN,No,No,0.0256,Low Risk
5699-BNCAS,No,No,0.0256,Low Risk
0019-GFNTW,No,No,0.0254,Low Risk
4940-KHCWD,No,No,0.0254,Low Risk
7963-SHNDT,No,No,0.0254,Low Risk
9297-EONCV,No,No,0.0253,Low Risk
1227-UDMZR,No,No,0.0253,Low Risk
2253-KPMNB,No,No,0.0253,Low Risk
7599-NTMDP,No,No,0.0253,Low Risk
5010-IPEAQ,No,No,0.0253,Low Risk
6614-YWYSC,No,No,0.0253,Low Risk
1080-BWSYE,No,No,0.0253,Low Risk
2888-ADFAO,No,No,0.0253,Low Risk
2796-NNUFI,No,No,0.0253,Low Risk
0206-OYVOC,No,No,0.0253,Low Risk
2208-MPXIO,No,No,0.0253,Low Risk
7101-HRBLJ,No,No,0.0252,Low Risk
2990-IAJSV,No,No,0.0252,Low Risk
3967-KXAPS,No,No,0.0252,Low Risk
6169-PGNCD,No,No,0.0251,Low Risk
7596-ZYWBB,No,No,0.0251,Low Risk
5614-DNZCE,No,No,0.0251,Low Risk
4188-PCPIG,No,No,0.0251,Low Risk
3635-QQRQD,No,No,0.0251,Low Risk
9500-WBGRP,No,No,0.0251,Low Risk
7167-PCEYD,No,No,0.0251,Low Risk
0281-CNTZX,No,No,0.0251,Low Risk
3154-HMWUU,No,No,0.0251,Low Risk
0374-FIUCA,No,No,0.0251,Low Risk
1231-YNDEK,No,No,0.0251,Low Risk
7941-RCJOW,No,No,0.0251,Low Risk
3308-DGHKL,No,No,0.0251,Low Risk
1955-IBMMB,No,No,0.0251,Low Risk
6897-RWMUB,No,No,0.0251,Low Risk
9488-FVZCC,No,No,0.0251,Low Risk
3508-VLHCZ,No,No,0.0251,Low Risk
3662-FXJFO,No,No,0.0251,Low Risk
0244-LGNFY,No,No,0.025,Low Risk
3569-JFODW,No,No,0.025,Low Risk
4671-VJLCL,No,No,0.025,Low Risk
6855-VLGOS,No,No,0.025,Low Risk
6585-WCEWR,No,No,0.025,Low Risk
8990-YOZLV,No,No,0.025,Low Risk
1088-AUUZZ,No,No,0.025,Low Risk
6518-PPLMZ,No,No,0.025,Low Risk
7639-OPLNG,No,No,0.025,Low Risk
5736-YEJAX,No,No,0.025,Low Risk
5995-LFTLE,No,No,0.025,Low Risk
2560-WBWXF,No,No,0.025,Low Risk
5356-KZCKT,No,No,0.025,Low Risk
1043-YCUTE,Yes,No,0.025,Low Risk
5666-MBJPT,No,No,0.025,Low Risk
4521-WFJAI,No,No,0.025,Low Risk
8590-YFFQO,No,No,0.0249,Low Risk
5095-ETBRJ,No,No,0.0249,Low Risk
9372-TXXPS,No,No,0.0249,Low Risk
2263-SFSQZ,No,No,0.0249,Low Risk
3120-FAZKD,No,No,0.0249,Low Risk
1241-FPMOF,No,No,0.0249,Low Risk
9814-AOUDH,No,No,0.0249,Low Risk
2675-IJRGJ,No,No,0.0249,Low Risk
1215-EXRMO,No,No,0.0249,Low Risk
3212-KXOCR,No,No,0.0249,Low Risk
4807-IZYOZ,No,No,0.0249,Low Risk
9504-YAZWB,No,No,0.0249,Low Risk
1657-DYMBM,No,No,0.0249,Low Risk
7427-AUFPY,No,No,0.0249,Low Risk
2228-BZDEE,No,No,0.0249,Low Risk
6349-JDHQP,No,No,0.0249,Low Risk
2817-LVCPP,No,No,0.0249,Low Risk
8701-DGLVH,No,No,0.0249,Low Risk
9507-HSMMZ,No,No,0.0249,Low Risk
8540-ZQGEA,No,No,0.0249,Low Risk
5915-ANOEI,No,No,0.0249,Low Risk
3200-MNQTF,No,No,0.0248,Low Risk
0885-HMGPY,No,No,0.0248,Low Risk
2077-DDHJK,No,No,0.0248,Low Risk
3948-KXDUF,No,No,0.0248,Low Risk
9786-YWNHU,No,No,0.0248,Low Risk
3563-SVYLG,No,No,0.0248,Low Risk
7860-UXCRM,No,No,0.0248,Low Risk
3400-ESFUW,Yes,No,0.0248,Low Risk
7113-HIPFI,No,No,0.0248,Low Risk
6080-LNESI,No,No,0.0248,Low Risk
6292-TOSSS,No,No,0.0248,Low Risk
6407-GSJNL,No,No,0.0248,Low Risk
3785-KTYSH,No,No,0.0248,Low Risk
5044-XDPYX,No,No,0.0248,Low Risk
2452-MRMZF,No,No,0.0248,Low Risk
7359-SSBJK,Yes,No,0.0248,Low Risk
8957-THMOA,No,No,0.0248,Low Risk
9257-AZMTZ,No,No,0.0248,Low Risk
1574-DYCWE,No,No,0.0248,Low Risk
3170-NMYVV,No,No,0.0248,Low Risk
9371-BITHB,No,No,0.0248,Low Risk
0607-DAAHE,Yes,No,0.0248,Low Risk
9173-IVZVP,No,No,0.0248,Low Risk
0040-HALCW,No,No,0.0248,Low Risk
3620-EHIMZ,No,No,0.0248,Low Risk
6582-PLFUU,No,No,0.0248,Low Risk
6340-DACFT,No,No,0.0248,Low Risk
6139-ZZRBQ,No,No,0.0247,Low Risk
3486-HOOGQ,No,No,0.0247,Low Risk
3050-RLLXC,No,No,0.0247,Low Risk
3470-OBUET,No,No,0.0247,Low Risk
7162-WPHPM,No,No,0.0247,Low Risk
0531-XBKMM,No,No,0.0247,Low Risk
8532-UEFWH,No,No,0.0247,Low Risk
5549-ZGHFB,No,No,0.0247,Low Risk
1248-DYXUB,No,No,0.0247,Low Risk
1207-BLKSA,No,No,0.0247,Low Risk
2207-RYYRL,No,No,0.0247,Low Risk
3088-FVYWK,No,No,0.0247,Low Risk
0463-TXOAK,No,No,0.0247,Low Risk
1676-MQAOA,No,No,0.0246,Low Risk
8197-BFWVU,No,No,0.0245,Low Risk
5803-NQJZO,No,No,0.0245,Low Risk
4475-NVTLU,No,No,0.0245,Low Risk
4299-OPXEJ,No,No,0.0243,Low Risk
7416-CKTEP,No,No,0.0243,Low Risk
8838-GPHZP,No,No,0.0243,Low Risk
3970-XGJDU,No,No,0.0243,Low Risk
9795-SHUHB,No,No,0.0243,Low Risk
4872-JCVCA,No,No,0.0243,Low Risk
7729-XBTWX,No,No,0.0243,Low Risk
2181-TIDSV,No,No,0.0243,Low Risk
9135-HSWOC,No,No,0.0243,Low Risk
2626-VEEWG,No,No,0.0243,Low Risk
6685-XSHHU,No,No,0.0243,Low Risk
7558-IMLMT,No,No,0.0243,Low Risk
3498-LZGQZ,No,No,0.0243,Low Risk
6217-KDYWC,No,No,0.0243,Low Risk
6734-JDTTV,No,No,0.0243,Low Risk
7647-GYYKX,No,No,0.0242,Low Risk
4335-BSMJS,No,No,0.0242,Low Risk
9661-JALZV,No,No,0.0242,Low Risk
8441-SHIPE,No,No,0.0242,Low Risk
1240-HCBOH,No,No,0.0242,Low Risk
1619-YWUBB,No,No,0.0242,Low Risk
2143-LJULT,No,No,0.0242,Low Risk
7996-MHXLW,No,No,0.0242,Low Risk
8207-VVMYB,No,No,0.0242,Low Risk
3148-AOIQT,No,No,0.0242,Low Risk
8626-XHBIE,No,No,0.0242,Low Risk
8028-PNXHQ,No,No,0.0242,Low Risk
5220-AGAAX,No,No,0.0242,Low Risk
1852-QSWCD,No,No,0.0242,Low Risk
7608-RGIRO,No,No,0.0242,Low Risk
7480-SPLEF,No,No,0.0242,Low Risk
7008-LZVOZ,No,No,0.0242,Low Risk
9337-SRRNI,No,No,0.0242,Low Risk
6625-FLENO,No,No,0.0241,Low Risk
7493-GVFIO,No,No,0.0241,Low Risk
2525-GVKQU,No,No,0.0241,Low Risk
1302-TPUBN,No,No,0.0241,Low Risk
1945-XISKS,No,No,0.0241,Low Risk
8966-SNIZF,No,No,0.0241,Low Risk
6060-QBMGV,No,No,0.0241,Low Risk
6345-FZOQH,No,No,0.0241,Low Risk
7695-PKLCZ,No,No,0.0241,Low Risk
5821-MMEIL,No,No,0.0241,Low Risk
8747-UDCOI,No,No,0.0241,Low Risk
5848-FHRFC,No,No,0.0241,Low Risk
0397-ZXWQF,No,No,0.0241,Low Risk
9084-OAYKL,No,No,0.0241,Low Risk
8285-ABVLB,No,No,0.0241,Low Risk
5567-GZKQY,No,No,0.0241,Low Risk
3646-ITDGM,No,No,0.0241,Low Risk
3274-NSDWE,No,No,0.0241,Low Risk
8857-CUPFQ,No,No,0.0241,Low Risk
6323-AYBRX,Yes,No,0.0241,Low Risk
8232-UTFOZ,No,No,0.0241,Low Risk
8347-GDTMP,No,No,0.0241,Low Risk
5730-DBDSI,No,No,0.0241,Low Risk
7114-AEOZE,No,No,0.0241,Low Risk
6848-HJTXY,No,No,0.0241,Low Risk
5146-YYFRZ,No,No,0.0241,Low Risk
0780-XNZFN,No,No,0.0241,Low Risk
0505-SPOOW,No,No,0.0241,Low Risk
2616-FLVQC,No,No,0.0241,Low Risk
5656-JAMLX,No,No,0.0241,Low Risk
1460-UZPRJ,No,No,0.0241,Low Risk
0704-VCUMB,No,No,0.0241,Low Risk
4990-ALDGW,No,No,0.0241,Low Risk
0732-OCQOC,No,No,0.0241,Low Risk
6164-HAQTX,No,No,0.0241,Low Risk
6134-KWTBV,No,No,0.024,Low Risk
6010-DDPPW,No,No,0.024,Low Risk
5982-XMDEX,No,No,0.024,Low Risk
4785-FCIFB,No,No,0.024,Low Risk
6484-LATFU,No,No,0.024,Low Risk
4589-IUAJB,No,No,0.024,Low Risk
3118-UHVVQ,No,No,0.024,Low Risk
9397-TZSHA,No,No,0.024,Low Risk
0971-QIFJK,No,No,0.024,Low Risk
1073-XXCZD,No,No,0.024,Low Risk
2696-RZVZW,No,No,0.024,Low Risk
3768-VHXQO,No,No,0.024,Low Risk
3873-WOSBC,No,No,0.024,Low Risk
1241-EZFMJ,No,No,0.024,Low Risk
2072-ZVJJX,No,No,0.024,Low Risk
1767-CJKBA,No,No,0.024,Low Risk
1705-GUHPV,No,No,0.024,Low Risk
4458-KVRBJ,No,No,0.024,Low Risk
3913-RDSJZ,No,No,0.024,Low Risk
2632-TACXW,No,No,0.024,Low Risk
9087-EYCPR,No,No,0.024,Low Risk
6370-ZVHDV,No,No,0.024,Low Risk
8361-LBRDI,No,No,0.024,Low Risk
2097-YVPKN,No,No,0.024,Low Risk
4656-CAURT,No,No,0.024,Low Risk
9953-ZMKSM,No,No,0.024,Low Risk
3696-DFHHB,No,No,0.024,Low Risk
3027-YNWZU,No,No,0.024,Low Risk
1098-KFQEC,No,No,0.024,Low Risk
0847-HGRML,No,No,0.024,Low Risk
8917-SZTTJ,No,No,0.024,Low Risk
1403-GYAFU,No,No,0.024,Low Risk
3678-MNGZX,No,No,0.024,Low Risk
0042-RLHYP,No,No,0.024,Low Risk
8711-LOBKY,No,No,0.024,Low Risk
1764-VUUMT,No,No,0.024,Low Risk
8043-PNYSD,No,No,0.024,Low Risk
8750-QWZAJ,No,No,0.024,Low Risk
8755-OGKNA,No,No,0.024,Low Risk
1399-OUPJN,No,No,0.024,Low Risk
5793-YOLJN,No,No,0.024,Low Risk
2346-LOCWC,No,No,0.024,Low Risk
7064-JHXCE,No,No,0.024,Low Risk
2075-PUEPR,No,No,0.024,Low Risk
6621-NRZAK,No,No,0.024,Low Risk
7328-ZJAJO,No,No,0.024,Low Risk
8514-VZHEB,No,No,0.024,Low Risk
6980-IMXXE,No,No,0.024,Low Risk
5799-JRCZO,No,No,0.024,Low Risk
5346-BZCHP,No,No,0.024,Low Risk
8164-OCKUJ,No,No,0.024,Low Risk
2804-ETQDK,No,No,0.024,Low Risk
0902-XKXPN,No,No,0.024,Low Risk
1830-IPXVJ,No,No,0.024,Low Risk
9625-RZFUK,No,No,0.024,Low Risk
7717-BICXI,No,No,0.024,Low Risk
3457-PQBYH,No,No,0.024,Low Risk
2400-FEQME,No,No,0.024,Low Risk
2236-HILPA,No,No,0.024,Low Risk
9800-OUIGR,No,No,0.024,Low Risk
4957-SREEC,No,No,0.024,Low Risk
9537-JALFH,No,No,0.024,Low Risk
2146-EGVDT,No,No,0.024,Low Risk
8727-JQFHV,No,No,0.024,Low Risk
0962-CQPWQ,No,No,0.024,Low Risk
2984-RGEYA,No,No,0.024,Low Risk
3774-VBNXY,No,No,0.024,Low Risk
7876-DNYAP,No,No,0.024,Low Risk
7268-WNTCP,No,No,0.024,Low Risk
3507-GASNP,No,No,0.024,Low Risk
8434-VGEQQ,No,No,0.024,Low Risk
8129-GMVGI,No,No,0.024,Low Risk
3777-XROBG,No,No,0.024,Low Risk
7969-FFOWG,No,No,0.024,Low Risk
7673-BQGKU,No,No,0.024,Low Risk
7157-SMCFK,No,No,0.024,Low Risk
8380-MQINP,No,No,0.024,Low Risk
9286-BHDQG,No,No,0.024,Low Risk
0394-YONDK,No,No,0.0239,Low Risk
0485-ZBSLN,No,No,0.0239,Low Risk
4979-HPRFL,No,No,0.0239,Low Risk
4195-PNGZS,No,No,0.0239,Low Risk
6857-TKDJV,No,No,0.0239,Low Risk
6963-KQYQB,No,No,0.0239,Low Risk
9574-BOSMD,No,No,0.0239,Low Risk
2050-ONYDQ,No,No,0.0239,Low Risk
1299-AURJA,No,No,0.0239,Low Risk
6651-RLGGM,No,No,0.0239,Low Risk
7225-IILWY,No,No,0.0239,Low Risk
8780-IHCRN,No,No,0.0239,Low Risk
4534-WGCIR,No,No,0.0239,Low Risk
6485-QXWWE,No,No,0.0239,Low Risk
5854-KSRBJ,No,No,0.0239,Low Risk
8946-BFWSG,No,No,0.0239,Low Risk
0603-TPMIB,No,No,0.0239,Low Risk
3810-PJUHR,No,No,0.0239,Low Risk
1468-DEFNC,No,No,0.0238,Low Risk
7606-BPHHN,No,No,0.0238,Low Risk
8544-JNBOX,No,No,0.0238,Low Risk
3973-SKMLN,No,No,0.0238,Low Risk
9823-EALYC,No,No,0.0237,Low Risk
6734-PSBAW,No,No,0.0237,Low Risk
2235-EZAIK,No,No,0.0236,Low Risk
2176-OSJUV,No,No,0.0235,Low Risk
0229-LFJAF,No,No,0.0235,Low Risk
6087-YPWHO,No,No,0.0235,Low Risk
9499-XPZXM,No,No,0.0235,Low Risk
5781-RFZRP,No,No,0.0235,Low Risk
7169-YWAMK,No,No,0.0235,Low Risk
8619-IJNDK,No,No,0.0235,Low Risk
7293-LSCDV,No,No,0.0235,Low Risk
3359-DSRKA,No,No,0.0235,Low Risk
2007-QVGAW,No,No,0.0235,Low Risk
5902-WBLSE,No,No,0.0235,Low Risk
0613-WUXUM,No,No,0.0235,Low Risk
2418-TPEUN,No,No,0.0235,Low Risk
0508-SQWPL,No,No,0.0235,Low Risk
9972-EWRJS,No,No,0.0235,Low Risk
4900-MSOMT,No,No,0.0235,Low Risk
3071-MVJCD,No,No,0.0235,Low Risk
6253-GNHWH,No,No,0.0234,Low Risk
7399-QHBJS,No,No,0.0234,Low Risk
0270-THENM,No,No,0.0234,Low Risk
4737-AQCPU,No,No,0.0234,Low Risk
0562-FGDCR,No,No,0.0234,Low Risk
2799-TSLAG,No,No,0.0234,Low Risk
5115-SQAAU,No,No,0.0234,Low Risk
2481-SBOYW,No,No,0.0234,Low Risk
4018-PPNDW,No,No,0.0234,Low Risk
3967-VQOGC,No,No,0.0234,Low Risk
9593-CVZKR,No,No,0.0234,Low Risk
7503-EPSZW,No,No,0.0234,Low Risk
2908-WGAXL,No,No,0.0234,Low Risk
8807-OPMBM,No,No,0.0234,Low Risk
3580-GICBM,No,No,0.0234,Low Risk
4933-BSAIP,No,No,0.0233,Low Risk
3764-MNMOI,No,No,0.0233,Low Risk
4774-HHGGS,No,No,0.0233,Low Risk
4635-EJYPD,No,No,0.0232,Low Risk
2569-WGERO,No,No,0.023,Low Risk
6892-BOGQE,No,No,0.023,Low Risk
2718-YSKCS,No,No,0.023,Low Risk
2607-DHDAK,No,No,0.023,Low Risk
2882-WDTBA,No,No,0.023,Low Risk
6917-FIJHC,No,No,0.0229,Low Risk
7014-ZZXAW,No,No,0.0229,Low Risk
1926-QUZNN,No,No,0.0229,Low Risk
4565-NLZBV,No,No,0.0229,Low Risk
0626-QXNGV,No,No,0.0229,Low Risk
2961-VNFKL,No,No,0.0229,Low Risk
3612-YVGSJ,No,No,0.0229,Low Risk
9964-WBQDJ,No,No,0.0229,Low Risk
3913-FCUUW,No,No,0.0229,Low Risk
9430-NKQLY,No,No,0.0229,Low Risk
6024-RUGGH,No,No,0.0229,Low Risk
7083-MIOPC,No,No,0.0229,Low Risk
3976-HXHCE,No,No,0.0229,Low Risk
1591-XWLGB,No,No,0.0229,Low Risk
7602-DBTOU,No,No,0.0229,Low Risk
0404-AHASP,No,No,0.0229,Low Risk
1927-QEWMY,No,No,0.0229,Low Risk
7463-IFMQU,No,No,0.0229,Low Risk
3910-MRQOY,No,No,0.0229,Low Risk
5787-KXGIY,No,No,0.0229,Low Risk
2429-AYKKO,No,No,0.0229,Low Risk
2545-LXYVJ,No,No,0.0229,Low Risk
4312-KFRXN,No,No,0.0228,Low Risk
9153-BTBVV,No,No,0.0228,Low Risk
8237-ULIXL,No,No,0.0228,Low Risk
7096-ZNBZI,No,No,0.0228,Low Risk
5846-ABOBJ,No,No,0.0228,Low Risk
7115-IRDHS,No,No,0.0228,Low Risk
7161-DFHUF,No,No,0.0228,Low Risk
5743-KHMNA,No,No,0.0228,Low Risk
8774-GSBUN,No,No,0.0228,Low Risk
4707-MAXGU,No,No,0.0228,Low Risk
8092-NLTGF,No,No,0.0228,Low Risk
4836-WNFNO,No,No,0.0228,Low Risk
4443-EMBNA,No,No,0.0228,Low Risk
8749-TZYEC,No,No,0.0228,Low Risk
2169-RRLFW,No,No,0.0228,Low Risk
1987-AUELQ,No,No,0.0228,Low Risk
4231-LZUYM,No,No,0.0228,Low Risk
2509-TFPJU,No,No,0.0228,Low Risk
5598-IKHQQ,No,No,0.0228,Low Risk
0640-YJTPY,No,No,0.0228,Low Risk
0464-WJTKO,No,No,0.0228,Low Risk
3642-BYHDO,No,No,0.0228,Low Risk
4277-BWBML,No,No,0.0228,Low Risk
3279-DYZQM,No,No,0.0228,Low Risk
0264-CNITK,No,No,0.0228,Low Risk
0784-ZQJZX,No,No,0.0228,Low Risk
4817-KEQSP,No,No,0.0228,Low Risk
1052-QJIBV,No,No,0.0228,Low Risk
2848-YXSMW,No,No,0.0228,Low Risk
4086-WITJG,No,No,0.0228,Low Risk
1166-PQLGG,No,No,0.0228,Low Risk
6928-ONTRW,No,No,0.0228,Low Risk
0831-JNISG,No,No,0.0228,Low Risk
3173-WSSUE,No,No,0.0228,Low Risk
0794-YVSGE,No,No,0.0228,Low Risk
8229-BUJHX,No,No,0.0228,Low Risk
3795-GWTRD,No,No,0.0228,Low Risk
7980-MHFLQ,No,No,0.0227,Low Risk
0480-KYJVA,No,No,0.0227,Low Risk
0174-QRVVY,No,No,0.0227,Low Risk
5884-FBCTL,No,No,0.0227,Low Risk
1555-HAPSU,No,No,0.0227,Low Risk
0562-HKHML,No,No,0.0227,Low Risk
9838-BFCQT,No,No,0.0227,Low Risk
4193-IBKSW,No,No,0.0227,Low Risk
9365-CSLBQ,No,No,0.0227,Low Risk
8224-KDLKN,No,No,0.0227,Low Risk
7684-XSZIY,No,No,0.0227,Low Risk
7711-GQBZC,No,No,0.0227,Low Risk
3261-CQXOL,No,No,0.0227,Low Risk
6976-BWGLQ,No,No,0.0227,Low Risk
8165-ZJRNM,No,No,0.0227,Low Risk
6181-AXXYF,No,No,0.0227,Low Risk
6285-FTQBF,No,No,0.0227,Low Risk
7010-BRBUU,No,No,0.0227,Low Risk
0402-OAMEN,No,No,0.0227,Low Risk
0621-CXBKL,No,No,0.0224,Low Risk
1293-BSEUN,No,No,0.0223,Low Risk
4821-WQOYN,No,No,0.0223,Low Risk
5893-KCLGT,No,No,0.0223,Low Risk
9565-AXSMR,No,No,0.0223,Low Risk
1820-DJFPH,No,No,0.0222,Low Risk
4625-XMOYM,No,No,0.0222,Low Risk
6283-GITPX,No,No,0.0218,Low Risk
8464-EETCQ,No,No,0.0217,Low Risk
9764-REAFF,No,No,0.0217,Low Risk
3429-IFLEM,No,No,0.0217,Low Risk
0825-CPPQH,No,No,0.0206,Low Risk
